"Wilson Models","Charlie Cole","59 Smiths Lane, Fakenham, Norfolk, NR21 8LQ",52.8329580285132,0.869845811869315
"Fox Furnishing","Isabella Mason","83 Lawn Hill, Dawlish, Devon, EX7 9HQ",50.5817585583448,-3.46966881646861
"Lee Nails","Thomas Harvey","47 Little Bentswood Close, Haywards Heath, West Sussex, RH16 3HG",51.0029963695238,-0.0934849663888881
"Thompson Nails","Mia Taylor","B966, Brechin And Edzell, DD9 7YN",56.8604448707574,-2.6843287601687
"Holmes Fish & Chips","Mia Patel","49 Hafod-y-wern, Gwernymynydd, Cadole, CH7 5ND",53.1553912236153,-3.1719976921969
"Shaw News","Riley Clarke","51 Lytham Road, Heald Green, Manchester, SK8 3RQ",53.3724789518965,-2.23028151657574
"Campbell Grocers","Jessica Davies","99 Mill Street, Elsing, Mill Street, Norfolk, NR20 3EH",52.7188060668086,1.03552589414153
"LLoyd Wines","Riley Davies","95 Warwick Street, Adlington, Lancashire, PR7 4JG",53.6110762072131,-2.60947888584637
"Jackson Fashions","James Evans","79 Station Road, Hatcheauchamp, Somerset, TA3 6SH",50.9795029295163,-2.99354127742137
"James Pet Store","Isla Butler","41 Withies Lane, Compton, Surrey, GU3 1JD",51.2138322263459,-0.621483385306037
"Kennedy Music","Amelia Patel","39 Bills Street, Bentley And Darlaston North, Birmingham, WS10 8XB",52.5702951014296,-2.02523078918765
"Taylor Laundrette","Harry Butler","86 Bottle Lane, Binfield, RG42 5RX",51.4454115921153,-0.762622063622055
"Kennedy Chemist","Sophie Holmes","58 Mead View, Stocking Pelham, Hertfordshire, SG9 0HY",51.9403798789142,0.111349744325465
"Knight News","Lily Robinson","78 Longniddry Court, Low Fell, Gateshead, NE9 6JX",54.9260677529805,-1.60499565275463
"Davies Book Shop","Sophie Brown","54 Adeline Street, Splott, Cardiff/caerdydd, CF24 2BH",51.4828113045838,-3.15374158694207
"Dixon Wines","Thomas Wilson","32 Mavisbank Gardens, Govan, Glasgow, G51 1JL",55.8552317789311,-4.28190786555989
"Phillips Legal Services","Isla White","65 Warners Road, Newton Longville, Buckinghamshire, MK17 0BL",51.9735091056946,-0.769617770389397
"Jones Opticians","Jacob James","53 Dunstable Road, South, Luton, LU1 3ZW",51.87997304744,-0.422926361547274
"Phillips Cafe","Alfie Davies","39 Wormwood Street, Bishopsgate, London, EC2M 3TJ",51.5166693732715,-0.0828793782012733
"Kennedy Nails","James Robinson","46 Kensington Place, Beechwood, Newport/casnewydd, NP19 8GL",51.5903712120336,-2.97535999421628
"Ali Book Store","Harry Wilson","1 Doyce Street, Cathedrals, London, SE1 0EX",51.5029547678322,-0.0966247473059623
"White Computers","Olivia Murphy","66 Park Stenak, Carharrack, TR16 5RL",50.2304126756886,-5.18163194335029
"Thompson Computers","Jessica Powell","42 Mandela Road, Custom House, London, E16 3EL",51.5114076724945,0.0221336941741393
"Shaw Nails","Olivia White","47 Wheatfield Crescent, Shiregreen Andrightside, Sheffield, S5 0JG",53.4289936106019,-1.44682647447588
"Johnson News","Jack King","A482, Lampeter, Lampeter/llanbedr Pont Steffan, SA48 8AW",52.1198649784015,-4.08391384220739
"Hall Bakery","Thomas Mason","39 Murray Place, Inverclyde West, Greenock, PA19 1TR",55.9529638657168,-4.81987125258614
"Wilson Lawyers","Jessica Holmes","A40, Llanfrynach, LD3 7LQ",51.9156459863222,-3.35312295712698
"LLoyd Software","Oliver Adams","68 Commonside, Bookham North, Surrey, KT23 3HX",51.2935736711095,-0.392700148733502
"Ali Wines","Isabella Walker","14 Burnopfield Gardens, Benwell And Scotswood, Newcastle Upon Tyne, NE15 7DN",54.976508330336,-1.68185149520443
"Hall Dry Cleaners","James Wood","18 Valley View, Morebath, Devon, EX16 9AH",51.0118488617209,-3.49008204904057
"Brown Music","Thomas Williams","45 Holyhead Road, Montford, SY4 1AQ",52.730962272262,-2.89268278855093
"Davies Films","Alfie Robinson","78 Carnarvon Road, Warbreck, Liverpool, L9 1EB",53.4490427182241,-2.96502722145244
"Black Lawyers","Riley Jackson","70 Low Greens, Berwick-upon-tweed, TD15 1LZ",55.7743235444082,-2.00480425929099
"Clarke Chemist","Mia Powell","40 Buckingham Close, Stretton, Burton Upon Trent, Staffordshire, DE13 0JL",52.8281516594229,-1.63157573176032
"Phillips Collectables","Alfie Patel","86 West Street, Cathall, London, E11 4LE",51.5589864437365,0.00597925099108771
"Kennedy Furnishing","Ava Holmes","46 Vincent Street, Castle, Swansea/abertawe, SA1 3JS",51.6157388182165,-3.95480925152721
"Wood Book Store","Harry Wright","21 Prestwood Close, Plumstead, London, SE18 2BS",51.4772508681122,0.102535873446212
"Wells Fashions","Sophie Black","99 Derbyshire Green, Warfield, Bracknell, RG42 3TG",51.4245365580734,-0.723617733302244
"Powell Fashions","Ava Phillips","23 Old Falmouth Road, Kea, TR3 6AD",50.2493913909463,-5.06775680965156
"Green Computers","Isabella Robinson","71 Evansfield Road, Llandaff North, Cardiff/caerdydd, CF14 2FR",51.5081083521592,-3.22955452418882
"Brown Aquatics","Riley Roberts","49 Westbrook Field, Bosham, West Sussex, PO18 8JP",50.8331029213944,-0.859454922152033
"James Chemist","Ava Williams","4 Underdown Road, Dover, Kent, CT17 9QS",51.1227195811472,1.29630484335833
"Cole Book Shop","Mia Dixon","60 Chapel Field North, Mancroft, Norwich, Norfolk, NR2 1NX",52.6286572095576,1.28751255817873
"Brown Pet Shop","Sophie Holmes","A38, Ilsington, Devon, TQ12 6JE",50.5552926520439,-3.67776710093383
"Thompson Computers","Riley Wright","31 Foxtail Walk, Sparkbrook, Birmingham, B5 7EF",52.4639679393079,-1.89969195960177
"Taylor Lawyers","Sophie Walker","31 Hamilton Road, Abbots Langley, London, Hertfordshire, WD4 8PZ",51.6956864699284,-0.433059063870599
"Evans Dry Cleaners","Isabella Shaw","98 Parkgate, Middle Park And Sutcliffe, London, SE3 9XF",51.4614409274167,0.0134315601424902
"Campbell Newsagents","William Murphy","48 Woodland Drive, Edenbridge, Marlpit Hill, Kent, TN8 6BJ",51.2071508398325,0.0668884968229672
"Fox Grocers","Harry Wood","98 Cherrydown, Rayleigh, Southend-on-sea, Essex, SS6 9ND",51.5942169880153,0.606834885215438
"Murphy Aquatics","Lily Brown","22 Exmouth Road, Clyst St. George, Devon, EX5 1AR",50.6979214824068,-3.44775299520712
"Wright Fashions","Sophie White","28 Felsham Road, Thorpe Morieux, Suffolk, IP30 0PD",52.1639958268894,0.81662702272141
"Jackson Collectables","Olivia Davies","45 Pindar Road, Hoddesdon Town And Rye Park, London, Hertfordshire, EN11 0DX",51.7643068258836,0.00521372205043152
"Robertson Wines","Oliver White","22 Mount Bovers Lane, Hawkwell, Essex, SS5 4JE",51.5912236495331,0.656086285533901
"Wilson Book Store","Jack James","89 York Street, Golborne And Lowton West, Golborne, WA3 3RN",53.4789527971009,-2.60271605515251
"Fox Pet Store","Charlie Thompson","B4194, Upper Arley, Worcestershire, DY12 3LS",52.4091955737205,-2.35770809421798
"Jones Phones","Mia LLoyd","49 Willowbank Avenue, Stanley, Blackpool, FY4 3NE",53.7850151653779,-3.02502520136508
"King Nails","Thomas Cole","100 Farmlands Road, Dringhouses And Woodthorpe, York, YO24 2UA",53.9400316429704,-1.12131172662153
"Wells Phones","Isabella Kennedy","71 Sunnyside Road, Fulwell And Hampton Hill, London, TW11 0RH",51.4321434568798,-0.347791210371052
"Thompson Entertainment","Alfie Knight","27 York Road, Bilbrough, North Yorkshire, YO23 3PQ",53.9185602353948,-1.20128780607097
"Evans Furnishing","Mia Cole","76 Downshire Square, Minster, Reading, RG1 6NW",51.450409183361,-0.987363279298344
"Clarke Barbers","Thomas Wilson","B7085, Wigtown West, DG8 9LX",54.7883805390064,-4.5833839162256
"Robertson Pet Shop","Charlie Green","42 Well Bank, Crook North And Tow Law Ed, Stanley Crook, DL15 9TH",54.7330978692397,-1.74898318746841
"Davies Fruit & Veg","Jack LLoyd","63 High Street, Banstead Village, London, Surrey, SM7 2NN",51.3228246276375,-0.199720320829542
"Campbell Dry Cleaners","Mia Robertson","92 Devonshire Close, Dunston, Chesterfield, Derbyshire, S41 8UH",53.2612907645279,-1.43731365041746
"Murphy Hairdressers","Riley Adams","64 Blencathra Way, Blaydon, NE21 6RS",54.9466401335658,-1.70778388520999
"Robinson Dry Cleaners","Mia Wright","76 Friars Road, Braughing, Hertfordshire, SG11 2NN",51.9075737186967,0.035446497663302
"White Opticians","Isabella White","26 Wynyard, Chester-le-street West Central Ed, Washington, DH2 2BH",54.8569622628441,-1.58869187906306
"Phillips Fruit & Veg","Jessica Cole","44 Selham Road, West Lavington, West Sussex, GU29 0AU",50.9842681380796,-0.723561052644971
"Wood Software","Oliver LLoyd","8 Church Dam, Reedham, Norfolk, NR13 3UH",52.5668496847815,1.57978352428658
"Campbell Laundrette","Alfie Davies","35 Garth Lane, West Marsh, Grimsby, DN31 1RS",53.5670716987292,-0.0869098403066786
"Wright Chemist","Charlie Evans","48 Meads Lane, Seamer, North Yorkshire, YO12 4QA",54.2327281328182,-0.427953826469232
"Jackson Films","Lily Murphy","55 Longhirst Road, Pegswood, NE61 6XE",55.1815406846818,-1.644873400815
"Brown Fish & Chips","Oliver Wright","30 Cumberland Crescent, Patching Hall, Chelmsford, Essex, CM1 4AA",51.7561318312341,0.467809867736989
"Hall Printers","Harry Wells","21 Springs Way, Brigg, DN20 8EX",53.5525464035606,-0.49250920045839
"James Legal Services","Emily Kennedy","54 Silverdale Road, Earlestown, Newton-le-willows, WA12 0JT",53.4579421189196,-2.63647008576862
"Wilson Dry Cleaners","Thomas Jackson","A1101, Icklingham, Suffolk, IP28 6HF",52.3165374917838,0.630615280169494
"Thompson Bakery","Harry Williams","41 Warren Close, Irchester, Northamptonshire, NN29 7EF",52.2792963504604,-0.638007450910132
"Evans Music","Harry Green","47 Craighorn Road, Clackmannanshire North, Alva, FK12 5DN",56.15096624068,-3.81677770375336
"Adams News","Jack James","66 Funtington Road, Copnor, Portsmouth, PO2 7LE",50.8131101774858,-1.06675267631087
"Clarke Newsagents","Alfie Black","8 Summerlands Park Avenue, Ilminster, Somerset, TA19 9BS",50.9277210343009,-2.91578538494773
"Ali Beauticians","Jacob Black","97 Mc Clean Avenue, Dormanstown, Redcar, TS10 5JJ",54.6085818302786,-1.09333637088702
"Dixon Laundrette","Sophie Taylor","95 Poet's Road, Mildmay, London, N5 2SJ",51.552002781005,-0.0879428776162162
"Campbell Videos","James Fox","73 Bushmead Road, Staploe, PE19 5HR",52.2332661017746,-0.307489562525739
"Dixon Fish and Chips","Lily Hall","80 Horton Road, Hackleton, Northamptonshire, NN7 2AW",52.185028707906,-0.810391336061363
"Taylor Fish & Chips","Riley Walker","55 Forest Road, Dorridge And Hockley Heath, Dorridge, B93 8HB",52.3740943357922,-1.75271264455032
"Harvey Entertainment","Mia LLoyd","19 Broomfield Place, Standish With Langtree, Standish, WN6 0JR",53.5880940442596,-2.66168920992961
"Kennedy Software","Riley Phillips","4 Osbourne Court, Connah's Quay, CH5 4BS",53.2218230299574,-3.06472577965137
"Holmes Opticians","Harry Holmes","64 New Road, Oare, Somerset, EX35 6NU",51.216087406498,-3.72831397455294
"Harvey Entertainment","Olivia Smith","89 Sunart Way, Galley Common, Nuneaton, Warwickshire, CV10 9JE",52.5254746967804,-1.51376431637074
"Smith Computer Repairs","William Wells","23 Temple Court, Town Centre, Preston, Lancashire, PR1 3PS",53.7579442340969,-2.70003145819653
"Green Phones","Harry King","5 Wrights Lane, Wymondham, Leicestershire, LE14 2AD",52.7587255277735,-0.737043774848449
"Robinson Laundrette","Harry Wells","98 High Street, Cloughton, North Yorkshire, YO13 0AJ",54.3363846052253,-0.447658316540144
"Harvey Grocers","James Black","77 Braddons Street, Ellacombe, Torquay, TQ1 1QH",50.4655060574361,-3.5250296532374
"Smith Models","William Cole","32 Lambton Avenue, Waltham Cross, London, Hertfordshire, EN8 7BG",51.6912419775679,-0.0362003719484715
"Robinson Chemist","Emily LLoyd","29 Brookhaven Way, Bramley, Sheffield, S66 1WH",53.4205739866989,-1.26113177803684
"Wood Furnishing","Emily Knight","72 Seals Green, Kings Norton, Birmingham, B38 9UW",52.3923379263836,-1.94487921505988
"Brown Fish and Chips","Olivia Hall","87 Park Close, North Mymms, Brookmans Park, Hertfordshire, AL9 7RS",51.7223739415069,-0.191379081493128
"Lee Hairdressers","Amelia Cole","48 Cranleigh Gardens, Tudor, London, KT2 5TX",51.4239876264074,-0.292593377893806
"Ali Pet Shop","Emily Davies","85 Vernon Place, Deal, Kent, CT14 6NS",51.2351815690531,1.40321002281571
"Phillips Barbers","Amelia Wright","18 Oaktree Crescent, Cockermouth, Cumbria, CA13 9HD",54.6661537829271,-3.35558108579889
"LLoyd Dry Cleaners","Lily Butler","68 Plas Newydd, Thorpe, Southend-on-sea, SS1 3AG",51.5310674539142,0.74312247330656
"Cole Fashions","Sophie Wood","53 Maes-y-llan Road, Llanbedr Dyffryn Clwyd, LL15 2UT",53.1104358642339,-3.2867648423612
"Patel Hairdressers","Mia White","40 East Hill, Camborne, TR14 8RE",50.2233739472536,-5.28129497822916
"King Hats","Ava Powell","27 Devereux Road, Northcote, London, SW11 6JR",51.4526333439568,-0.160924833135536
"Davies Films","Jack Davies","56 Fessey Road, Byfield, Northamptonshire, NN11 6XG",52.1778581935683,-1.24244872471017
"LLoyd Pet Shop","Sophie Shaw","92 Teyla Tor Road, St. Ives, Carbisay, TR26 2FP",50.1905417639589,-5.46619718365603
"Williams Cafe","Sophie Clarke","50 Lansdowne Close, Calne, SN11 9DW",51.4444209998011,-2.01082897748257
"LLoyd Book Shop","James Smith","B710, Galashiels And, TD1 2NG",55.6458953089447,-2.84955710864888
"Mason Films","Amelia Kennedy","71 Deepford Lane, Wiston, SA63 4XG",51.8420184607148,-4.83176494296673
"White Bakery","James James","80 Greyfriars Drive, Penwortham, Preston, Lancashire, PR1 9XE",53.7501882105714,-2.72706278370053
"Phillips Collectables","Mia King","24 Wick Lane, Englefield Green West, Surrey, TW20 0XA",51.4294413727077,-0.595024564078737
"Jackson Entertainment","Mia Murphy","27 The Orchards, Landkey, Devon, EX32 0QP",51.0629694784318,-4.00291382188418
"Williams Fashions","Oliver Brown","87 The Glen, Chertsey South And Row Town, Weybridge, Surrey, KT15 1AQ",51.3655871563313,-0.509827207994105
"Patel Butchers","Olivia Patel","55 Recreation Lane, Elland, HX5 0PL",53.6827466704131,-1.84621256799173
"Dixon Fish & Chips","William Clarke","44 Trent Way, Worcester Park, London, KT4 8TW",51.373868556472,-0.232302666048327
"Jones Butchers","Jack Powell","25 The Meadway, Loughton, Milton Keynes, MK5 8AN",52.0294880382404,-0.785194920196475
"Evans Lawyers","Isabella Clarke","58 North Deeside Road, Lower Deeside, Milltimber, AB13 0JP",57.1063952844326,-2.22252892907454
"White Barbers","Amelia Dixon","92 Fourth Avenue, Townfield, London, UB3 2EG",51.5096170390677,-0.417244309911517
"Knight Pet Shop","Oliver Wood","31 Froxmere Road, Crowle, Worcestershire, WR7 4AL",52.2026441825468,-2.10663863904895
"Roberts Pet Shop","Sophie White","50 Broad Lane, Braunton, Devon, EX33 1JF",51.1209256424695,-4.18397326536072
"Knight Hats","Alfie Wright","15 Westown Road, Ide, Devon, EX2 9TG",50.7017177545155,-3.57258710609081
"Lee Software","Emily Hall","98 Westbury Avenue, Droitwich Spa, Worcestershire, WR9 0RT",52.2599286737639,-2.16967357564988
"Wright Videos","Charlie Black","39 Grove Avenue, Moseley And Kings Heath, Birmingham, B13 9ER",52.4427086534369,-1.88238035016882
"Fox Chemist","Ava Wood","83 Heron Road, Honiton, Devon, EX14 2GJ",50.7909010597684,-3.19727158872523
"Smith Laundrette","Emily Kennedy","100 Southcroft, Britwell, Slough, SL2 1QA",51.5319595406763,-0.623026598512181
"White Fruit & Veg","Jessica Ali","49 Louisa Crescent, Centraluchan, Crimond, AB43 8RU",57.602768948038,-1.97584093509502
"Walker Dry Cleaners","Jack Johnson","70 Fulwood Crescent, Aspley, Nottingham, NG8 5PF",52.9752920751582,-1.20146350929663
"White Beauticians","Jack James","22 Beech Avenue, Irlam, M44 6FT",53.454604550044,-2.40658631377034
"Butler Newsagents","William King","4 Hugh Street, Warwick, London, SW1V 1RP",51.4925165939367,-0.145591788304741
"Jones Lawyers","Jessica Brown","90 Troup View, Troup, Gardenstown, AB43 6JA",57.6807978784793,-2.26645315694955
"Wright Fish and Chips","Oliver Wright","100 Town Street, Settrington, North Yorkshire, YO17 8NR",54.1262614247994,-0.730410642675908
"Clarke Furnishing","Charlie Walker","44 Hamilton Lane, Highbury West, London, N5 1ZW",51.5538094543619,-0.0989599025543618
"Taylor Aquatics","Mia Johnson","20 Blueberry Avenue, Charlestown, Manchester, M40 0EY",53.5214785565813,-2.17350364965532
"Campbell Collectables","Isla Taylor","12 Daisy Bank Crescent, Audlem, CW3 0HE",52.9944458038406,-2.50704511846027
"Brown Fish and Chips","Emily Powell","71 Dodman Road, Croxteth, Liverpool, L11 0BY",53.457830816734,-2.89618802419437
"Kennedy Pet Store","Jessica Wells","38 Oxford Street, Weston-super-mare, BS23 1TF",51.3461879881377,-2.97880943704368
"Green Fruit & Veg","Isabella Jackson","100 Monument Road, Ladywood, Birmingham, B16 0WH",52.4733394016355,-1.93023333443771
"Robinson Entertainment","William James","85 High Street, Crystal Palace, London, SE20 8RZ",51.418059000363,-0.0606457272809785
"Clarke Bakery","Olivia Murphy","73 Highview Gardens, Hale, London, HA8 9UD",51.6192071972565,-0.265948608956332
"Roberts Delicatesan","Emily Thompson","63 Barochan Crescent, Paisley North West, Glasgow, PA3 1AT",55.8443083998369,-4.45701728549816
"Campbell Fruit & Veg","Harry James","44 Browns Lane, Thorne, DN8 4AD",53.6131560333411,-0.966279165256661
"Brown Lawyers","Sophie Campbell","81 Cumberland Street, Central, Sheffield, S1 4PR",53.3743781348653,-1.47463479681151
"Williams Pharmacy","James Patel","44 Clifford Road, Moordown, Bournemouth, BH9 1SN",50.7493673932632,-1.86863493904307
"White Nails","Alfie LLoyd","65 Brea Road, St. Minver Lowlands, Rock, PL27 6LN",50.5472364452432,-4.90978637807373
"Knight Antiques","Ava Taylor","20 Church Street, West Coker, Somerset, BA22 9FB",50.9200013049314,-2.68719716431275
"Evans Phones","Jacob Wilson","7 Malcolm Drive, Abbey Hulton And Townsend, Stoke-on-trent, ST2 8NW",53.0314099904689,-2.13290736623746
"James Printers","Oliver Ali","53 Parkside Court, Chopwell And Rowlands Gill, Chopwell, NE17 7HX",54.9194878231084,-1.81547169250778
"Brown Fish & Chips","Ava Kennedy","4 Lingside Crescent, Harraby, Carlisle, Cumbria, CA1 3LN",54.8770545337374,-2.90524470638462
"Black Cafe","Isla Butler","10 Old School Hill, Shirenewton, NP16 6RT",51.6443968508811,-2.74677180572052
"Clarke Beauticians","Isabella Phillips","17 Greenfields, Harling, East Harling, Norfolk, NR16 2NP",52.4394251697214,0.926478994262975
"Evans Videos","Riley Harvey","4 Charnwood Crescent, Chandler's Ford, Eastleigh, Hampshire, SO53 5QL",51.0019606066122,-1.38531352727813
"Powell Laundrette","Isla Cole","35 Britannia Road North, Central Southsea, Portsmouth, PO5 1SL",50.7934672554373,-1.07886329426047
"Ali Phones","Alfie LLoyd","B974, Mearns, AB30 1RB",56.8188171233063,-2.54723971712107
"Patel Nails","Thomas Patel","99 Cornwall Close, Shepway South, Maidstone, Kent, ME15 8HT",51.2491258451956,0.553630962664836
"Walker Cafe","William Roberts","54 Chaucer Grove, Leigh West, Leigh, WN7 5JY",53.5104864444035,-2.53633317931851
"Knight Antiques","Jessica King","11 Holyrood Close, Waterloo, Portsmouth, Hampshire, PO7 8JQ",50.880222900825,-1.01743872238335
"Taylor Legal Services","Emily Wilson","49 Norbury Street, Northwich, CW9 7AL",53.2602250214399,-2.49651300692742
"Taylor Nails","Thomas Wright","20 Cuby Road, Cuby, Tregony, TR2 5TW",50.269529024619,-4.90885517576153
"Wood Computers","Riley Shaw","18 Churchill Close, Oadby St. Peter's, Leicester, Leicestershire, LE2 5AL",52.597306499114,-1.08415837513624
"Davies Dry Cleaners","Olivia LLoyd","28 Farm Road, Langley, Birmingham, B68 8PL",52.4846777423234,-2.00986657450341
"Thompson Barbers","Riley Roberts","38 Rushey Lane, South Yardley, Birmingham, B26 3PR",52.454939928982,-1.83387415154408
"Butler Antiques","Harry Wood","85 Darwin Drive, Burslem Central, Stoke-on-trent, ST6 4HU",53.049042979711,-2.19971669054699
"Mason Computer Repairs","Charlie Campbell","94 Arion Close, Bolehall, Tamworth, Staffordshire, B77 3NS",52.6363415327763,-1.67841917117932
"Cole Antiques","James Shaw","91 Cunliffe Drive, Shaw And Crompton, Manchester, OL2 8JA",53.5797567528866,-2.08378615692064
"Evans Pet Store","James Robertson","43 Peter's Street, Frocester, Gloucestershire, GL10 3TL",51.7336431467126,-2.33208799290855
"Phillips Phones","Jack White","21 Gleneagle Mews, St. Leonard's, London, SW16 6AE",51.4273099247346,-0.131905972678339
"Wells Fish and Chips","James Butler","51 Carfax Road, Pinkwell, London, UB3 4RA",51.4935094646264,-0.415727853272913
"Williams Butchers","Lily Jackson","38 Oak Lane, Kenwyn, Truro, TR1 3GT",50.2640775132959,-5.09940678225294
"Robinson Printers","Charlie Harvey","62 Mill Road, Deal, Kent, CT14 9UU",51.21850296896,1.3964499422472
"Murphy Book Store","Charlie James","24 Yr Aran, Dunvant, Swansea/abertawe, SA2 7PX",51.6274285289506,-4.02693294013073
"Ali Legal Services","Jack Williams","8 Glen Road, Wadebridge, Trevanson, PL27 7BU",50.5142467515249,-4.83713440925246
"Robinson Phones","Amelia Black","23 Blackwood Drive, Cumnock And New Cumnock, New Cumnock, KA18 4BW",55.3945164070863,-4.17796548544301
"Adams Butchers","Oliver Ali","55 Happies Close, Buckhaven, Methil And Wemyss Villages, West Wemyss, KY1 4SP",56.1408117503943,-3.08452095235632
"Kennedy Hats","Amelia LLoyd","2 Greenfields, Withington, HR1 3RS",52.0828324293126,-2.63919137076206
"Patel Pet Store","Riley James","33 Wittersham Road, Wittersham, Kent, TN30 7PU",51.0209534468263,0.670110548680596
"Hall Legal Services","Alfie Black","62 Greyhound Hill, Oakengates, Telford, TF2 0BW",52.6894432261402,-2.44854102755655
"Taylor News","Harry Brown","80 St Ronans Avenue, Eastney And Craneswater, Portsmouth, PO4 0PR",50.7857763767337,-1.07292863284927
"Jackson Bakery","Alfie James","80 Offmore Farm Close, Offmore And Comberton, Kidderminster, Worcestershire, DY10 3XQ",52.3875170464581,-2.21919473918961
"Jackson Dry Cleaners","Mia Jones","64 Fulham Road, Redcliffe, London, SW10 9ZW",51.4847488856951,-0.183628392857744
"Lee Delicatesan","Isabella Black","62 Oxbow Close, Bridge, Nottingham, NG2 2NF",52.9406710866774,-1.15177529762477
"Smith Fashions","Jacob Brown","90 Meadfoot Close, Wellswood, Torquay, TQ1 2JJ",50.4647719143174,-3.49637470506462
"Evans Antiques","Harry Lee","27 Clos Pluguen, Llandovery, Llandovery/llanymddyfri, SA20 0BJ",51.9895668358818,-3.80304964906806
"Wood Antiques","Charlie Murphy","26 London Road, Wokingham, Reading, RG40 1RA",51.4098387121362,-0.814798687626408
"Robinson Software","Amelia Williams","62 Ffordd Plas Trefor, Llangollen Rural, Cefn-mawr, LL20 7UP",52.9744568147948,-3.10645321912328
"Black Cafe","Oliver Hall","1 Grove Hill Road, South Camberwell, London, SE5 8JU",51.466447391147,-0.0829839142070758
"Powell Book Shop","Jacob Taylor","8 Springfield Drive, Kingsbridge, Devon, TQ7 1HZ",50.2825025422881,-3.77681170673039
"LLoyd Computers","Oliver Campbell","69 Silvertown Way, Canning Town South, London, E16 1HW",51.509270949792,0.0151361667209033
"King Phones","Riley Ali","90 Y Ffridd, Porthmadog, Morfaychan, LL49 9UY",52.9140667877579,-4.16155038542743
"Lee Computers","Lily Cole","11 St Leonard's Terrace, Royal Hospital, London, SW3 4QG",51.4885879619801,-0.161653466707567
"Shaw Beauticians","Charlie Johnson","45 Barbriggs Lane, Skipsea, YO25 8AJ",53.9932175017122,-0.254559537109087
"Smith Fashions","Jack Wells","25 Street Lane, Wentworth, S62 7SB",53.4771692887476,-1.39601138902993
"Thompson Nails","Sophie Jones","32 Longden Street, Macclesfield East, Macclesfield, SK10 1NQ",53.2586327088434,-2.11568387937781
"Campbell Chemist","Harry Wood","30 Rutherford Close, Billericay, Essex, CM12 0YR",51.6393878572365,0.41660184273152
"Hall Dry Cleaners","Isla Harvey","1 Gorsty Bank, Lichfield, Staffordshire, WS14 9UB",52.6841304336561,-1.80666146436007
"Wood Dry Cleaners","Ava Jackson","24 Cedar Lane, Frimley, Aldershot, Surrey, GU16 7HY",51.3140644897642,-0.743257914408873
"Cole Chemist","Olivia Wilson","95 Strode Gardens, St. Leonards And St. Ives, St Ives, Dorset, BH24 2LF",50.8387639482103,-1.82217256487465
"Johnson Hats","Ava Powell","39 Railway Street, Ramsbottom, BL0 0BS",53.6462837656546,-2.31342930131106
"Roberts Furnishing","Jessica Cole","25 Cae Rhys, Criccieth, Criccieth/cricieth, LL52 0AW",52.9219385390784,-4.23321620531729
"Johnson Grocers","Charlie Thompson","66 Clare Road, Northborough, PE6 9DN",52.659951096733,-0.297338490215366
"White Opticians","James Harvey","54 Istead Rise, Istead Rise, Kent, DA13 9JF",51.4060326255712,0.352927410159769
"Cole Book Shop","Riley Holmes","59 Dutton Walk, Stockwood, Bristol, BS14 8BP",51.4150765392521,-2.55185046622218
"Patel Antiques","Thomas Wells","5 Wayside, Bowerdean, High Wycombe, Buckinghamshire, HP13 6XP",51.6322496233824,-0.735222038573942
"Fox Pharmacy","Thomas Thompson","49 Sycamore Close, Oadby Grange, Leicester, Leicestershire, LE2 2RJ",52.6127197217661,-1.08937528666597
"Kennedy Newsagents","Sophie King","26 Clapgate, Otley, LS21 3AR",53.9062112041193,-1.69403642048248
"Mason Bakery","Oliver Ali","37 Dobb Hedge Close, Halearns, Manchester, WA15 0BD",53.3611641812364,-2.31239831347346
"Roberts Legal Services","Emily Knight","24 Salterland Road, Barrhead, Waterside, G53 7TQ",55.8134338303753,-4.37567609759351
"Adams Pet Store","Jacob Robinson","66 Lythalls Lane, Holbrook, Coventry, CV6 6GD",52.4423231413694,-1.5044404528499
"Davies Hats","Harry Wilson","29 Tywyn Isaf, Prestatyn, LL19 7TH",53.3356274311298,-3.41639958244432
"Fox News","Jacob Williams","61 Water Street, Central, Liverpool, L3 1NX",53.4059752539597,-2.99588190643622
"Roberts Nails","Ava Wells","42 Woodfield, Briston, Norfolk, NR24 2JY",52.8539119149518,1.05037328061606
"Phillips News","Olivia Wood","79 Eastgarth, Woolsington, Newcastle Upon Tyne, NE5 4HA",55.0088002195293,-1.68355062380252
"Robinson Pharmacy","James Ali","52 Ivy Street, Deeauvoir, London, N1 5JH",51.53308699511,-0.0827087338049587
"Cole Laundrette","Jack Wood","84 Armstrong Street, Central, Swindon, SN1 2AA",51.5658812594434,-1.78109453648717
"Powell Legal Services","Amelia Clarke","37 Bridge Street, Panteg, Pontypool/pont-y-pwl, NP4 5JL",51.6884783880013,-3.02390487384525
"Cole Hairdressers","Mia Roberts","71 John Street, Penicuik, EH26 8NH",55.8292928258559,-3.22414264140949
"Black Pet Store","Lily Davies","65 Princes Road, Romford Town, London, RM1 2SS",51.5755597017556,0.195352602057234
"Fox Laundrette","Isabella Robinson","77 High Ash Crescent, Harewood, Leeds, LS17 8RQ",53.8576634615218,-1.52426344584185
"Harvey Hats","William Wood","59 Lime Road, Greenfield, Accrington, Lancashire, BB4 6UA",53.7029340990252,-2.31425941429002
"White Collectables","Oliver Clarke","92 Millstead Close, Tadworth And Walton, London, Surrey, KT20 5AX",51.2902753172108,-0.237838042019388
"Holmes Computers","Ava Shaw","27 Monson Park, Skellingthorpe, Lincolnshire, LN6 5UE",53.2337576165691,-0.618245149562121
"Green Aquatics","Thomas Taylor","1 Beatty Street, Regent's Park, London, NW1 7LN",51.5347033970891,-0.140100017026646
"Dixon Opticians","Thomas Dixon","61 South Drive, Guiseley And Rawdon, Guiseley, LS20 8JF",53.8700734578704,-1.73273041992243
"Davies Chemist","Oliver Shaw","67 Manor Park, Broughton, North Yorkshire, YO17 6QN",54.1508080158927,-0.826092619435295
"Davies Music","Isabella Campbell","25 Ellerton Avenue, Ledsham And Manor, Ellesmere Port, CH66 4PA",53.2796191278989,-2.9458772282327
"Cole Beauticians","Sophie Walker","41 Strathyre Avenue, Bensham Manor, London, CR7 7NN",51.4023988506485,-0.11273567015382
"Thompson Chemist","Lily White","29 High Bank Park, Mid Argyll, Lochgilphead, PA31 8NL",56.0391356223531,-5.43993747950187
"Cole Grocers","Thomas Black","36 Chipping Hill, Witham, Essex, CM8 2JT",51.8065671743001,0.63465364605739
"Wood Phones","Alfie Cole","62 Westside Close, South Ham, Basingstoke, Hampshire, RG22 6LQ",51.2576968148237,-1.11910247769932
"Butler Dry Cleaners","Thomas Powell","86 Gladstone Street, Fleckney, Leicestershire, LE8 8AG",52.531811340029,-1.04520203946352
"White Pet Shop","Jessica Jackson","45 Newtown, Sidmouth, Devon, EX10 8PS",50.6827958680849,-3.2377189999502
"Jones Aquatics","Isabella Wilson","22 Greengate Street, St. Mary's, Manchester, OL4 1DB",53.5401490931823,-2.10192057473238
"Wright Dry Cleaners","Thomas Jackson","10 Bradbury Road, Winsford, CW7 3JA",53.1994838046412,-2.50368446265107
"Roberts Antiques","Jack Knight","60 Kingsdale Gardens, Drighlington, BD11 1EU",53.7553235511517,-1.66131188490842
"Wright Delicatesan","Emily Thompson","54 Albert Street, Somercotes, Derbyshire, DE55 1LF",53.0776406837779,-1.37517872613875
"Williams Films","Isla Patel","79 Hankey Place, Town, CF47 0UP",51.7356274106839,-3.37085111801223
"Powell Barbers","Harry Mason","72 Acres Platt, Cranleigh, Surrey, GU6 7FR",51.1460247229722,-0.474818884636735
"Fox Antiques","Jessica Wood","78 Cowbridge Road East, Canton, Cardiff/caerdydd, CF5 1HB",51.4827342146236,-3.21043795371041
"Dixon Collectables","Alfie Patel","54 Forest View, Hartwell, Northamptonshire, NN7 2HH",52.1482387389631,-0.851300574938707
"Ali Grocers","Harry Mason","47 Sandringham Road, Newcomen, Redcar, TS10 1EX",54.6144166681941,-1.07109448910317
"Wilson Antiques","Lily Knight","60 D'eynsford Road, Camberwell Green, London, SE5 7PP",51.4754772094358,-0.0918790980421146
"Green Fruit & Veg","Riley Adams","80 Newport Road, Argoed, Hollybush, NP12 0SG",51.7202296219539,-3.21170414226187
"Davies Fashions","Riley Powell","16 Cecil Road, Prenton, Birkenhead, CH42 9PF",53.3731785160187,-3.04174259072062
"Walker Pet Shop","Isla Cole","3 Lower Street, Sproughton, Suffolk, IP8 3BD",52.0625891858253,1.09810869867134
"Butler Dry Cleaners","Jack Johnson","28 Warham Road, Marlborough, London, HA3 7JE",51.5972003498864,-0.328987270154705
"Thompson Pet Store","William Brown","61 Mill Lane, Shearrow, Blackburn, BB2 2AD",53.7458662552409,-2.48293578690582
"Taylor Hardware","Charlie Hall","21 Brook Crescent, Larkswood, London, E4 9ES",51.6180359130461,-0.0159607134963786
"Cole Chemist","James White","97 Great Clowes Street, Broughton, Manchester, M7 1XG",53.4957854751681,-2.25999674725209
"Shaw Videos","Harry White","45 William Street, Wetheral, Cotehill, Cumbria, CA4 0DS",54.8446077120993,-2.83179347627173
"Ali Fish and Chips","Lily Evans","89 Mahonia Close, West End, Donkey Town, Surrey, GU24 9XE",51.3367248658293,-0.644071967448529
"Adams Printers","Mia Campbell","51 Hartington Street, Handbridge Park, Chester, CH4 7BP",53.180380696238,-2.88238702149541
"Ali Hats","Mia Wright","87 The Drive, Garrison, Preston, Lancashire, PR2 8FF",53.7819885241442,-2.69214546206737
"Campbell Phones","Harry Green","8 Burnside, Broxburn, Uphall And Winchburgh, Dechmont, EH52 6LQ",55.9205985852264,-3.54228264514992
"White Book Shop","Mia Brown","74 Grantham Road, Bracebridge Heath, Lincolnshire, LN4 2PZ",53.1919042203356,-0.537086756020864
"Hall Barbers","Isla Wilson","11 Devon Close, Weaste And Seedley, Manchester, M6 8HH",53.4892671844335,-2.32655723012203
"Powell Furnishing","Mia Ali","84 Norfolk Avenue, Birtley, Washington, DH3 2DY",54.8828941523945,-1.57221748788361
"Hall Entertainment","Jacob Murphy","40 Channel View, Mortehoe, Woolacombe, Devon, EX34 7EQ",51.1878658307353,-4.20302252080777
"Robertson Barbers","Amelia Phillips","4 Bakers Hill, Birlingham, Worcestershire, WR10 3BZ",52.0912118336664,-2.11142226703709
"Davies Hardware","Mia Butler","51 Wellesley Avenue North, Crome, Norwich, Norfolk, NR1 4NU",52.632410293719,1.31995905149148
"Smith Grocers","Jacob Wright","20 Hammond End Lane, Harpenden Rural, Hertfordshire, AL5 2AZ",51.8008175728547,-0.366850468167499
"Roberts Fashions","William Taylor","56 Ridgeways, Church Langley, Harlow, Essex, CM17 9HH",51.7658938938724,0.150430012885544
"Phillips Software","Riley Powell","70 Windsor Avenue, Keynsham, BS31 1AW",51.4090404891792,-2.50037753188923
"Adams Music","Mia Campbell","34 Rowley Avenue, Holditch, Stoke-on-trent, Staffordshire, ST5 7NP",53.0413729235719,-2.24427608718654
"Lee Videos","Riley Taylor","57 Cotterdale, Northumberland, Newcastle Upon Tyne, NE28 8TN",55.0080444386109,-1.55162445939072
"Kennedy Computer Repairs","Amelia Campbell","13 Clydesdale Road, Liscard, Wallasey, CH44 0DD",53.4201370620704,-3.03034070649398
"Thompson Beauticians","Lily LLoyd","53 Benstede, Longmeadow, Stevenage, Hertfordshire, SG2 8JH",51.8805117300021,-0.166630828246758
"Hall Beauticians","Jacob Wood","65 Underwood Road, Spitalfields Andanglatown, London, E1 5AT",51.5214231854005,-0.0662469290101303
"Roberts Computers","Alfie Williams","43 St Paul's Street, Leen Valley, Nottingham, NG8 1PL",52.9560735272076,-1.1870062187902
"Evans Barbers","Jessica Kennedy","34 Marlborough Street, St. Mary's, Manchester, OL4 1XL",53.5382229869607,-2.10491858837269
"Jones Pet Shop","Ava Powell","43 Lon Lwyd, Pentraeth, LL75 8NJ",53.2886880871438,-4.21869708869518
"Fox Laundrette","Olivia Shaw","1 Crawford Green, Baglan, Port Talbot, SA12 8DG",51.6240214116417,-3.81304839876574
"Campbell Fashions","Lily Wright","83 Reed Lane, Stansted Mountfitchet, Essex, CM24 8GS",51.895357427626,0.196707971226076
"Lee Fish & Chips","Ava Ali","69 Chapel Rise, Billington And Langho, Billington, Lancashire, BB7 9NP",53.817719757844,-2.41237343572612
"LLoyd Opticians","James White","19 Nether Close, West Finchley, London, N3 1BX",51.6062359266133,-0.191752338180174
"Mason Antiques","Jacob Smith","32 Holborn Crescent, Broughton, Brymbo, LL11 6NL",53.0641028463099,-3.03432768059843
"Hall Films","Alfie Davies","15 Phipps' Lane, Burtonwood And Westbrook, Burtonwood, WA5 4HX",53.4322992522546,-2.65607505575595
"White Wines","Jessica Lee","18 Michael Road, Monkretton, Barnsley, S71 5LR",53.5577705190504,-1.4348836763634
"Jones Entertainment","Ava Evans","47 Uppingham Road, Caldecott, LE16 8RY",52.5399572573782,-0.722893951269707
"Butler Phones","Lily Hall","62 Quant Park, Tavistock, Devon, PL19 0JQ",50.5517443678082,-4.1457231758052
"Walker Furnishing","Sophie Shaw","62 Ravendale Drive, Minster, Lincoln, Lincolnshire, LN2 2JN",53.2460461819477,-0.531014469891575
"Robinson Aquatics","Oliver Cole","18 Bott Lane, St. Matthew's, Birmingham, WS1 2HL",52.5834379019471,-1.97287441789943
"Kennedy Cafe","James Black","76 North View Avenue, Tilbury St. Chads, Tilbury, RM18 7RT",51.4659459613357,0.361408130098438
"Evans Phones","Jacob Green","99 Suffolk Road, Harworthircotes, Harworth, Nottinghamshire, DN11 8BA",53.4202650128519,-1.04734398338261
"Powell Nails","Jack Wells","51 Lodge Close, Lisvane, Cardiff/caerdydd, CF14 0UL",51.5458864038958,-3.18022787209887
"Thompson Printers","Jack Wells","58 Love Lane, Bickington, Devon, TQ12 6JP",50.5382092262517,-3.70284518936022
"Cole Entertainment","Jacob Holmes","85 Shirley Crescent, Norbreck, Blackpool, FY2 0AA",53.8580733259572,-3.03851771495953
"Wood Films","Isabella Wells","77 Meadow Road, Motherwell South East And Ravenscraig, Motherwell, ML1 1QB",55.785109787279,-3.97923752891944
"Phillips Hats","Olivia Wells","100 High Street, Broadstairs And St. Peters, Ramsgate, Kent, CT10 1JX",51.3590951621656,1.43753754890557
"Evans Chemist","Ava Harvey","29 Chycoose Parc, Feock, Penpol, TR3 6NH",50.2073463511303,-5.0711132917351
"Brown Antiques","Charlie Adams","28 Village Road, Cramlington, NE23 2DE",55.0842349793888,-1.57323695483541
"Clarke Pharmacy","Charlie Taylor","25 Peel Avenue, Skerton East, Morecambe, Lancashire, LA1 2LJ",54.058967577689,-2.80256893815306
"White Computer Repairs","Thomas Powell","A174, Lythe, Sandsend, North Yorkshire, YO21 3TG",54.5038186594999,-0.674597532762398
"Murphy Hats","Charlie Patel","87 Haslers Lane, Great Dunmow, Essex, CM6 1XJ",51.8676374987647,0.364846562844367
"Walker Entertainment","Isabella James","84 Deansgate, City Centre, Manchester, M3 3AP",53.4797907626211,-2.24935125764946
"Robertson Printers","James Thompson","51 Sandwich Road, Woodnesborough, Kent, CT13 0LY",51.267519678081,1.31900911729717
"Campbell Hardware","Emily Murphy","13 Gipton Wood Road, Gipton And Harehills, Leeds, LS8 3AQ",53.8176729171182,-1.50138584621128
"Dixon Dry Cleaners","Alfie Jackson","7 Church Close, East Hagbourne, Oxfordshire, OX11 9LP",51.5905990878213,-1.24258207986519
"Mason Cafe","Jessica James","38 Bannister Gardens, Storrington And Sullington, Storrington, West Sussex, RH20 4PU",50.9244845128478,-0.44606137318411
"Murphy Bakery","Riley Clarke","4 Brook Street, Aber Valley, Senghenydd, CF83 4DE",51.597459645436,-3.27097743018207
"Fox Computer Repairs","Oliver Williams","79 Ardleigh Court, Shenfield, Brentwood, Essex, CM15 8ND",51.6295969414538,0.323847018312075
"Clarke Book Shop","Jack Wilson","5 Elgar Close, Cefn Fforest, Bargoed/bargod, NP12 3LT",51.6667613850582,-3.210349009451
"Black Opticians","Riley Ali","47 Cliff Road, Amroth, SA67 8NL",51.7385730329433,-4.66028121457764
"Robinson Aquatics","Mia Fox","20 Monckton's Drive, North, Maidstone, Kent, ME14 2QD",51.285599652746,0.513976354374955
"Wilson Phones","Thomas King","59 Quarry Street, Central, Barnsley, S70 1HU",53.549179235382,-1.47470721234316
"Robertson Models","Charlie White","20 Enterprise Way, Winterton, DN15 9SU",53.6510975933682,-0.611688427936101
"Knight Pet Store","William Wilson","95 Highfield, Withernsea, HU19 2LL",53.7241403162409,0.0336398435477657
"Green Entertainment","Harry Walker","15 Russell Drive, Malpas, Newport/casnewydd, NP20 6FP",51.6141198902421,-3.00917407877756
"LLoyd Antiques","Ava James","66 Deermoss Lane, Whitchurch Urban, Whitchurch, SY13 1AJ",52.9693571637592,-2.67975901679218
"Mason Barbers","Harry Robinson","40 Pier Head, Exmouth, Devon, EX8 1DU",50.6168412588644,-3.42337984263393
"Holmes Barbers","Isabella Thompson","17 Creswell Road, Neath, Port Talbot, SA11 3BD",51.6600644484645,-3.80182143414975
"Wilson Lawyers","Amelia King","88 The Broadway, Castle And Priory, Birmingham, DY1 4AS",52.5146210016776,-2.08343392779585
"Smith Entertainment","Riley Wilson","89 Wellingbury, Appleton, Southend-on-sea, Essex, SS7 5RR",51.5643042221181,0.554950719540807
"Roberts Collectables","Jacob Phillips","55 Gibbon Walk, West Putney, London, SW15 5ED",51.4617138855115,-0.2392897994202
"Knight Models","Isabella Wood","14 Anchor Street, Carholme, Lincoln, Lincolnshire, LN2 4XG",53.2240611107068,-0.545233415068017
"Clarke Hardware","Jessica Adams","53 Littleton Street East, St. Matthew's, Birmingham, WS1 1XG",52.5886168920704,-1.97701894528251
"Williams Beauticians","James Johnson","94 Westmoreland Street, Skipton, North Yorkshire, BD23 2DY",53.9574791192784,-2.01430438517787
"LLoyd Hardware","James Adams","52 Queens Gardens, East Livingston And East Calder, East Calder, EH53 0EL",55.8944887700169,-3.46474095882722
"Dixon Models","Isabella King","78 Moor Park Gardens, Coombe Hill, London, KT2 7UD",51.4168098095573,-0.257640705264833
"White Fashions","Riley Davies","60 Groby Road Gardens, Beaumont Leys, Leicester, LE3 9QP",52.653678727196,-1.1793060189305
"Patel Software","Oliver Hall","49 High Street, Langford, SG18 9JS",52.0514887163223,-0.272349474468491
"Powell Bakery","Amelia Wells","30 Howard Close, Childs Hill, London, NW2 2SP",51.5582833452129,-0.209581406438322
"Evans Beauticians","Thomas Johnson","2 Aintree Drive, Higher Croft, Blackburn, BB3 0QW",53.7236553060929,-2.46738958356752
"Lee Nails","Jessica Johnson","22 Meath Street, Queenstown, London, SW11 4DB",51.4766036900206,-0.149822956273404
"Harvey Laundrette","Jacob White","4 Haynestone Road, Sherbourne, Coventry, CV6 1GJ",52.424445011964,-1.54089042695372
"Wilson Chemist","Isla Jackson","34 Fulbrook Mews, Junction, London, N19 5UB",51.5575617399216,-0.137234550504962
"Jackson Computer Repairs","Thomas Evans","39 Lyon Road, Greenhill, London, HA1 2EX",51.5811651976757,-0.33263535395857
"Clarke Films","Charlie King","12 Cold Harbour, Sherborne, Dorset, DT9 3AJ",50.9527125369902,-2.51084850298325
"Wright Collectables","Jacob White","15 Meadow Close, Fulford, Stoke-on-trent, Staffordshire, ST11 9LH",52.9661640484116,-2.07397062458047
"Powell Delicatesan","Sophie King","35 Queens Road, Crouch, Basildon, Essex, SS15 4AL",51.5862715008098,0.424594411040027
"Phillips Hairdressers","William Knight","88 Chadwick Lane, Hartlebury, Worcestershire, DY13 9QT",52.3337741278611,-2.25488368753344
"Shaw Chemist","Oliver Knight","B1285, Dalton-le-dale, SR7 8PY",54.8228366074496,-1.36631852073716
"Kennedy Hairdressers","Jack Williams","87 St Thomas Street, Lymington And Pennington, Lymington, Hampshire, SO41 9NA",50.7570433881992,-1.5472515023985
"Knight Fruit & Veg","Amelia Clarke","94 Kincardine Road, Ardwick, Manchester, M13 9TD",53.4686566798539,-2.23013952375679
"Adams Bakery","Sophie Davies","3 The Baulk, Clapham, MK41 6AD",52.1803894202048,-0.484151242565298
"Roberts Aquatics","Ava Roberts","62 Daimler Street, Cheetham, Manchester, M8 0PS",53.5052589992391,-2.23406197924828
"Wilson Delicatesan","James Wright","11 Chewton Road, Compton Dando, BS31 2SX",51.4007547874246,-2.49505453915002
"Jones Fashions","Alfie Powell","97 Laurel Road, Raynes Park, London, SW20 0PP",51.4136891095173,-0.239568023304129
"Powell Fruit & Veg","Olivia Johnson","4 Clover Lane, Spring Park, Northampton, Northamptonshire, NN2 8BT",52.2721015531598,-0.909715017047184
"Davies Fish & Chips","Riley Phillips","93 Castlecombe Road, Mottingham And Chislehurst North, London, SE9 4AR",51.4249951352439,0.0475747451394545
"Thompson Dry Cleaners","Harry Shaw","67 Church Leys, Bush Fair, Harlow, Essex, CM18 6BY",51.7616723520892,0.108971760558374
"James Legal Services","Riley Patel","2 Sheriffs Close, Deckham, Gateshead, NE10 9TW",54.9480288961246,-1.58040987181714
"Lee Book Store","William Wood","57 Bagwell Lane, Odiham, Hampshire, RG29 1JQ",51.2687994346122,-0.924002465771432
"Taylor Newsagents","Oliver White","27 Blenheim Road, Cwmbran Central, Cwmbran, NP44 4LX",51.6453018028036,-3.03815035813205
"Holmes Nails","Olivia Phillips","57 Post Office Lane, Whixall, SY13 2QY",52.9058787476942,-2.70964620921649
"Shaw Cafe","Oliver Phillips","94 Brangwyn Road, Tredegar, NP22 3TP",51.7673124030542,-3.253426079367
"Green Beauticians","Oliver Johnson","94 Wallacewell Road, North East, Glasgow, G21 3PR",55.8910670303133,-4.20438221329062
"Smith Nails","Emily Taylor","64 Wildfields Road, Clenchwarton, Norfolk, PE34 4DF",52.7588552622629,0.340045965011272
"Davies Chemist","Harry Wilson","27 Bushby Avenue, Wormley And Turnford, London, Hertfordshire, EN10 6QE",51.7367504830587,-0.0237565267595792
"Fox Videos","Amelia Holmes","93 Wood Street, Altrincham, Manchester, WA14 1EG",53.3864986711462,-2.34964533922696
"Jones Laundrette","Ava King","22 Bristol Avenue, Farington, Leyland, Lancashire, PR25 4YR",53.7041776773065,-2.67953653685923
"Jones News","Mia Brown","83 Redhall Road, Annandale North, Templand, DG11 1TF",55.1607028885608,-3.43749800059158
"Lee Hats","Isabella Fox","84 Westland Drive, Partick West, Glasgow, G14 9NY",55.8771322953061,-4.33991692496396
"Cole Nails","James Harvey","98 Park Crescent, Guiseley And Rawdon, Guiseley, LS20 8EL",53.8691685769656,-1.72212128262776
"James Grocers","Isla King","33 Parys Road, Limbury, Luton, LU3 2EW",51.9084894292163,-0.436014801043926
"Knight Fruit & Veg","Riley Thompson","99 Joseph Gardens, Silver End, Essex, CM8 3SN",51.8452218760097,0.630551395783535
"Evans Aquatics","Isabella Cole","41 Wentworth Crescent, Boyn Hill, Maidenhead, SL6 4RW",51.5176263393895,-0.74403439660045
"Jackson Furnishing","James Green","62 Marne Road, Harefield, Southampton, SO18 6AJ",50.9180097817649,-1.3540700761366
"Holmes Laundrette","Isabella Wells","87 Beech Road, Norton, DN6 9LW",53.6200665636916,-1.17181207445576
"James Butchers","Olivia Wright","85 Church Lane, Writtle, Essex, CM1 3EN",51.729310260253,0.427449655566314
"Jones Legal Services","Charlie Johnson","41 Moor Lane, Heswall, CH60 0HA",53.328592701317,-3.09885538779418
"Lee Cafe","Thomas Roberts","70 Moss Road, Halsall, Southport, Lancashire, PR8 4JA",53.6246360464356,-2.98941162922519
"Cole Fashions","Charlie Ali","6 Norman Way, Southgate Green, London, N14 6LY",51.6260678138809,-0.12099345723548
"Brown Grocers","William Shaw","24 Hardhillock Avenue, Elgin South, Elgin, IV30 8RS",57.6330648912957,-3.32872798887428
"White Pharmacy","Emily Johnson","79 Buchan Avenue, Kinross-shire, Kinnesswood, KY13 9HS",56.2116808618391,-3.32817340760949
"Roberts Models","Thomas Walker","100 Cruden Terrace, Annandale North, Lockerbie, DG11 2HY",55.1229417691152,-3.35014190076556
"Campbell Lawyers","Isla Taylor","75 Noel Hill Road, Berrington, Cross Houses, SY5 6JY",52.6633228419826,-2.68147541241594
"Powell Hardware","Mia Shaw","94 Windsor Mews, New Romney, Kent, TN28 8UT",50.9925258239333,0.949171773303588
"Ali Software","Lily Cole","83 Locke Avenue, Kingstone, Barnsley, S70 1QG",53.5458869996042,-1.48656467879343
"Mason Pharmacy","Harry Patel","35 Bourne Close, Isleworth, London, TW7 6HX",51.4679933697145,-0.339326710212481
"LLoyd Films","William Lee","A75, Castle Douglas And Glenkens, DG7 3LH",55.0037592457086,-3.87296790277081
"Roberts Hats","Isabella Hall","62 Prospect Drive, Slyne-with-hest, Hestank, Lancashire, LA2 6JD",54.0880692936052,-2.80672330397819
"Robinson Laundrette","Olivia Walker","M5, Falfield, GL12 8DT",51.6199481307799,-2.46703213398914
"Cole Hats","Charlie Adams","6 Westmead, Roehampton And Putney Heath, London, SW15 5BL",51.4523016758104,-0.237090043432056
"Butler Beauticians","Oliver Smith","49 Charles Hill, Elstead, Surrey, GU10 2AT",51.1938015888426,-0.724993616645626
"Roberts Nails","Ava Thompson","77 Old Butt Lane, Kidsgrove, Stoke-on-trent, Staffordshire, ST7 1NR",53.088207843991,-2.26445926526447
"Smith Models","Riley Brown","4 Mortimer Close, Headbourne Worthy, Kings Worthy, Hampshire, SO23 7QX",51.0925128312229,-1.30199361579551
"Butler Aquatics","Jack Dixon","94 Gas Lane, Middleton In Teesdale, Middleton-in-teesdale, DL12 0TG",54.6222128381847,-2.07684526508172
"Shaw Hairdressers","Charlie Fox","98 High Street, Southgate, London, N14 4WG",51.6305998669222,-0.128305345328619
"Fox Furnishing","William Evans","59 Church Street, Annandale East And Eskdale, Ecclefechan, DG11 3DB",55.0590474968097,-3.26543264121814
"Lee Nails","Amelia Campbell","33 Partridge Chase, Bicester, Oxfordshire, OX26 6XF",51.8923708763045,-1.13768870466551
"Lee Pet Shop","Jessica Fox","16 Delf Street, Sandwich, Kent, CT13 9HB",51.2755290732582,1.3378429926457
"Roberts Beauticians","Ava Taylor","8 Kensington Avenue, Royton North, Manchester, OL2 5SA",53.575560160447,-2.13237604165276
"Walker Hardware","Alfie Adams","56 Longfield Road, Sherwood, Royal Tunbridge Wells, Kent, TN2 3UE",51.1565963501054,0.296078226727818
"Knight Delicatesan","Amelia King","23 Chestnut Drive, Ashley, St Albans, Hertfordshire, AL4 0ER",51.7593437391608,-0.304388582320954
"Patel Lawyers","Emily Robertson","92 Quay Street, Woodbridge, Suffolk, IP12 1RR",52.0919439962943,1.31582389344149
"Lee Music","Isla Murphy","74 Weardale Close, Church, Reading, RG2 7JD",51.4386229266129,-0.953799210304063
"King Aquatics","Jacob Kennedy","78 Little Thorpe, Southchurch, Southend-on-sea, SS1 3RN",51.543561992058,0.760273863914067
"James Beauticians","Mia Robertson","80 Cilsaig Road, Llanelli Rural, Llanelli, SA14 8PE",51.693717816269,-4.13273095544593
"Ali Models","Riley Wright","17 Kensington Road, Formby, L37 6EL",53.5492317933732,-3.06758566440419
"Powell Book Store","Alfie Knight","64 Tir Capel, Llanelli Rural, Llanelli, SA14 8SR",51.6857353117001,-4.13899615594588
"White Models","Harry Patel","22 St Aldate Street, Westgate, Gloucester, Gloucestershire, GL1 1RU",51.8660385632026,-2.24287604199112
"Brown Fish and Chips","William Clarke","13 Main Street, Hullbridge, Essex, SS5 5NE",51.6199498038164,0.649283204946237
"Shaw Wines","Isla Wright","75 Chester Close, Prestatyn, LL19 8DE",53.3286943774687,-3.41960851557083
"Phillips Fruit & Veg","Alfie James","31 Ashley Gardens, Littleport, Cambridgeshire, CB6 1PD",52.4541797168433,0.308475370586386
"Robertson Bakery","Riley Holmes","55 High Street, Chipping Campden, Gloucestershire, GL55 6HB",52.0509164178627,-1.77972675721799
"Kennedy Software","Oliver James","22 Springfield Road, Looe, PL13 1HF",50.3611038473089,-4.45170516074795
"King Software","Sophie Dixon","2 Goodge Street, West End, London, W1T 1QQ",51.5188744639067,-0.136564937723397
"Dixon Wines","Riley Johnson","33 Queen Street, Burntwood, Staffordshire, WS7 4QE",52.6727060611503,-1.92934063323901
"Davies Cafe","Jessica Clarke","49 Dogdyke Road, Wildmore, Lincolnshire, LN4 4UL",53.0790392444339,-0.156677922248497
"Taylor Fish and Chips","Oliver Wright","1 The Maltings, Boston Castle, Sheffield, S60 2JT",53.4250406698483,-1.35741249712712
"King Opticians","Charlie Patel","30 Dikehollin Lane, Aysgarth, North Yorkshire, DL8 3AQ",54.2901686759828,-1.99108632296212
"Adams Newsagents","Harry Campbell","68 Leeds Close, Tressell, Hastings, East Sussex, TN35 5BX",50.8739344304754,0.608388688344511
"Jackson Computer Repairs","Thomas White","44 Woodstock Mews, Marylebone High Street, London, W1G 8SE",51.5199572253059,-0.149291681050082
"Ali Butchers","Jessica Campbell","45 Buckham Street, Consett North Ed, Consett, DH8 5UJ",54.860355440882,-1.83917097989697
"White Book Shop","Amelia Johnson","58 Appleton Mews, Andover, Hampshire, SP10 2DA",51.203039005118,-1.47682487496208
"Fox Fish & Chips","Amelia White","76 Winslade Road, Brixton Hill, London, SW2 5JJ",51.4574790331912,-0.123952251703603
"Hall Printers","Harry Cole","6 Canonbury Villas, St. Mary's, London, N1 2HE",51.5412017041338,-0.0983893777970115
"Fox Phones","Olivia Robertson","59 George Terrace, Midlothian West, Loanhead, EH20 9HZ",55.8775351046215,-3.15553787811762
"Murphy Fruit & Veg","Jacob Holmes","10 Railway Street, Pocklington, YO42 2QW",53.9298104164323,-0.779558987377499
"Murphy Chemist","Jessica Lee","70 Ludlow Close, Shortlands, London, BR2 0QR",51.3991172575821,0.0125910488978969
"Knight Pet Shop","Oliver Powell","50 Factory Road, Soho, Birmingham, B18 5JX",52.4989415091273,-1.92810124929184
"James Cafe","Amelia Murphy","56 Corscombe Close, Westham East, Weymouth, Dorset, DT4 0UG",50.6118107580195,-2.45890871936661
"Jackson Entertainment","Ava Lee","69 Moat Farm, Pantiles And St. Mark's, Royal Tunbridge Wells, Kent, TN2 5XA",51.1142714004034,0.255958107335874
"Kennedy Aquatics","Olivia Dixon","20 Oak Hill Road, Surbiton Hill, London, KT6 6EL",51.3902139436038,-0.300160633984252
"Holmes Legal Services","Mia Davies","34 Spies Lane, Halesowen South, Birmingham, B62 0HN",52.4583451678493,-2.01782235964944
"Walker Aquatics","Thomas Shaw","26 St Patrick's Close, Park, Kirkby, L33 1UR",53.4956298068223,-2.88879985886153
"Johnson Newsagents","Olivia LLoyd","35 Dean Clough, Town, Halifax, HX3 5AH",53.7275282932809,-1.86346418819518
"White Aquatics","Riley Campbell","64 The Mews, Verwood, Dorset, BH31 6LY",50.8709750649979,-1.87007054563525
"Green Cafe","Olivia Patel","66 Bank Street, Highland, Aberfeldy, PH15 2PY",56.6188994507556,-3.86811263806234
"Adams Pharmacy","Amelia Holmes","42 Bryn Gerran, Cilgerran, SA43 2SL",52.05459827279,-4.63161576704086
"Knight Fish and Chips","Olivia Thompson","23 Dean Street, Kilmarnock West And Crosshouse, Kilmarnock, KA3 1EW",55.6187722167252,-4.49253295140192
"Dixon Hardware","Ava Mason","77 Ellen Street, Droylsden East, Manchester, M43 6DF",53.4782387350046,-2.14387013052648
"Green Fish & Chips","Jessica Holmes","86 Redlands Road, Sevenoaks, Kent, TN13 2JZ",51.2743608505598,0.177263585424931
"Green Furnishing","William Campbell","23 Midgate, Central, Peterborough, PE1 1TN",52.5737858867012,-0.24153145443861
"Taylor Fruit & Veg","Thomas Knight","34 Cardowan Road, East Centre, Glasgow, G32 6RJ",55.8591441978666,-4.17559962672552
"LLoyd Software","Jessica Cole","46 Pen Wallis, Scleddau, Fishguard/abergwaun, SA65 9QS",51.9869312352863,-4.97389457963766
"Murphy Fruit & Veg","Isla Jackson","72 Beech Court, Moor View, Plymouth, PL6 7NR",50.4249301534558,-4.10015406493929
"Harvey Barbers","James Harvey","58 Blenheim Close, Saltburn, Marske And New Marske, Marske-by-the-sea, TS11 6BH",54.5936997494786,-1.02182303507684
"Robinson Book Shop","Mia Johnson","24 Valley View Rise, Martlesham, Suffolk, IP12 4SF",52.0755239116234,1.28328175008821
"Adams Hardware","Isabella White","1 Brentor Road, Mary Tavy, Devon, PL19 9QD",50.6006120077062,-4.11609282395994
"Clarke Book Shop","William Powell","85 Tir Llwyd Enterprise Park, Kinmelay And Towyn, LL18 5JZ",53.297197945391,-3.51791179573132
"Murphy Hardware","Alfie Fox","5 High Street, Harrow On The Hill, London, HA1 3DA",51.5720684800128,-0.339216532153285
"Roberts Entertainment","James Walker","86 Canford Road, Westbury-on-trym, Bristol, BS9 3NU",51.4943607857296,-2.62264098895446
"Walker Fish and Chips","Mia Roberts","B4389, Dwyriw, SY16 3BT",52.6003626121307,-3.35593977221357
"Holmes Computer Repairs","Riley White","46 All Hallows Road, Walkington, HU17 8SH",53.8192762313143,-0.483058599412723
"Walker Nails","Charlie Wood","80 Rushy Field, Clayton-le-moors, Accrington, Lancashire, BB5 5XR",53.7840619839887,-2.38463372243815
"Fox Butchers","Lily Wilson","29 Kiln Road, Copnor, Portsmouth, PO3 5NH",50.8174683589714,-1.05850340910413
"King Butchers","Lily King","6 Devon Street, Risedale, Barrow-in-furness, Cumbria, LA13 9PY",54.1124916449358,-3.21061546156336
"Kennedy Videos","Jessica Holmes","88 Darenth Road, Brent, London, Kent, DA1 1LY",51.4368786665785,0.224969765000136
"Murphy Computers","William Jackson","47 Marfleet Lane, Marfleet, Kingston Upon Hull, HU9 5TF",53.7568554374444,-0.273006768077839
"Kennedy Nails","Riley LLoyd","43 Leighdene Close, St. Leonard's, Exeter, Devon, EX2 4QX",50.7145532284116,-3.51748970142774
"Knight Fashions","Oliver Wilson","73 Peachey Street, St. Ann's, Nottingham, NG1 4FS",52.9574714139551,-1.14910953317841
"Brown Fashions","Emily Robertson","93 Derwent Close, Brockworth, Gloucester, Gloucestershire, GL3 4HN",51.8444378943644,-2.15530160257527
"James Opticians","Riley Kennedy","M60, Worsley, Manchester, M28 2PB",53.4998910808284,-2.3813165471687
"Walker Antiques","Jacob Taylor","19 Stamford Street East, Holgate, York, YO26 4YE",53.9629571946028,-1.10749283128404
"Kennedy Computers","Olivia Lee","45 Colne Road, Earith, Cambridgeshire, PE28 3RD",52.3601236508117,0.026177560889505
"Holmes Hardware","Alfie James","64 Fuller's Hill, Central And Northgate, Great Yarmouth, Norfolk, NR30 1PR",52.6112942821878,1.72534953656004
"Dixon Films","Thomas Green","43 Binns Road, Turnham Green, London, W4 2BS",51.4903763588075,-0.257588827917959
"Murphy Book Shop","Thomas Roberts","6 Chatham Close, Lower Stoke, Coventry, CV3 1EZ",52.3985772250055,-1.46923107179587
"Wood Opticians","Riley Green","77 Cooden Ledge, Ashdown, Hastings, East Sussex, TN38 8BW",50.8895822972877,0.538347996638237
"Taylor Printers","Isabella Campbell","63 St Marys Grove, Nailsea, BS48 4NN",51.4201049870106,-2.77805607401588
"Clarke Hardware","Sophie Wood","2 Summergill Court, Bradwell, Milton Keynes, MK13 7EX",52.0520940251557,-0.77326493928648
"Jackson Hairdressers","Sophie Knight","M4, Portskewett, NP26 5TA",51.5844149064387,-2.71204315401091
"Ali Entertainment","Mia Davies","25 Leng Drive, Calverley And Farsley, Bradford, BD3 7FJ",53.797020714402,-1.7026495012369
"Robertson Fashions","William Clarke","97 Bluegates, Stoneleigh, London, Surrey, KT17 2SA",51.3551646164029,-0.243708146946088
"Campbell Opticians","Jacob Kennedy","76 Station Road, Bothwell And Uddingston, Bellshill, G71 7HZ",55.8225104750903,-4.08384959455927
"Mason Pet Store","Oliver Ali","56 Davehall Avenue, Wilmslow, Manchester, SK9 5NE",53.3278740362513,-2.2410015097019
"Campbell Pharmacy","Mia Walker","43 Briarwood Court, Winsford, CW7 1BS",53.1879610625189,-2.53235820291678
"Shaw Collectables","Jessica Black","63 Burdett Road, Mile End East, London, E14 7FP",51.5142501421854,-0.0280836888127883
"White Nails","Jack Dixon","78 Dunderdale Crescent, Airedale And Ferry Fryston, Castleford, WF10 2NB",53.7301144150184,-1.30990573889742
"Wilson Pet Store","Sophie Brown","49 Merchant Road, Derby, Ormskirk, Lancashire, L39 4AD",53.5651700767366,-2.87609490109972
"Kennedy Pharmacy","Charlie Patel","80 West Street, Tadley, Hampshire, RG26 3SB",51.3510630747351,-1.13267869880261
"Evans Dry Cleaners","Jacob Jackson","59 East Hertford Street, Arbury, Cambridge, Cambridgeshire, CB4 3AD",52.2122050441656,0.117146395068335
"Johnson Cafe","Jack White","92 Church View, Northborough, PE6 9DQ",52.6583557417965,-0.297060414810694
"Kennedy Delicatesan","William Kennedy","60 Burnbridge, Weetslade, Wideopen, NE13 6DZ",55.056083004997,-1.62859206308121
"Davies Pharmacy","Harry Green","15 Quarry Hill Road, Wath, Swinton, S63 7SX",53.4928818793772,-1.34818816308598
"Fox Pet Store","Isabella Roberts","58 Meadow Lane, St. Johns, Lytham St Anne's, Lancashire, FY8 5FP",53.7434082331222,-2.93943411880792
"Kennedy Opticians","Jessica Wood","43 Hemingford Road, Caledonian, London, N1 1BQ",51.5400305905462,-0.114416183550068
"Harvey Pet Shop","Riley White","9 Bridge Road, Emsworth, Hampshire, PO10 7DT",50.8500444059546,-0.940453952387603
"White Wines","Jack Knight","59 Ropner Avenue, Parkfield And Oxbridge, Stockton-on-tees, TS18 4HG",54.557069401559,-1.33602408381571
"Powell Aquatics","Olivia Wood","76 Gullion Park, East Kilbride Central North, East Kilbride, G74 4FE",55.77447058702,-4.16564806290492
"Lee Cafe","Mia Ali","45 Pennine Lane, Golders Green, London, NW2 1NU",51.5674360778561,-0.210073183165728
"Hall Butchers","Oliver Wright","67 Oak Street, Atherleigh, Tyldesley, M46 0RA",53.5154655194468,-2.50976340511747
"Phillips Pet Store","William Campbell","30 Midhurst Close, Bury St. Edmunds, Bury St Edmunds, Suffolk, IP32 7NH",52.2494462684688,0.733350896491369
"Wright Pet Store","Ava White","14 Woodlea, St. Stephen, St Albans, Hertfordshire, AL2 3EZ",51.7280455728198,-0.3622923974298
"Black Butchers","Sophie Butler","75 Fairhazel Gardens, Swiss Cottage, London, NW6 3LN",51.5442956826451,-0.181806182229852
"Harvey Collectables","Isla Campbell","24 Plumer Drive, Norton North, Stockton-on-tees, TS20 1HF",54.5904089814958,-1.31944970445105
"Thompson Opticians","Lily Green","27 Welstead Road, Cherry Hinton, Cambridge, Cambridgeshire, CB1 9YA",52.1895511833418,0.180019798538128
"Mason Nails","Sophie Wood","74 Great North Road, Tempsford, SG19 2AW",52.166984893653,-0.303323494941616
"Williams Furnishing","Jack Campbell","29 Panama Drive, Skirlaugh, HU11 5HQ",53.8423927365159,-0.269001856705493
"Clarke Entertainment","Sophie Thompson","14 Harrox Road, Moulton, Lincolnshire, PE12 6NW",52.7996424060767,-0.0614437149873844
"James Pet Shop","William King","32 Ardale Avenue, Charlestown, Manchester, M40 5QX",53.5223385400335,-2.18150119570981
"Wells Hairdressers","William Dixon","84 Station Road, Ashbury, Oxfordshire, SN6 8NG",51.5696023026721,-1.62144320767146
"Mason Hardware","Amelia Hall","A474, Pontardawe, Swansea/abertawe, SA8 4ST",51.743197249282,-3.86689246205755
"James Fish and Chips","Emily Black","73 Dunholt Way, Colne, Bluntisham, Cambridgeshire, PE28 3NN",52.3641766182156,0.0205319239745167
"Black Phones","Harry Thompson","6 Pitfields Close, Old Warley, Birmingham, B68 0JB",52.4704464991388,-2.01132067685429
"Cole Printers","Sophie Jones","80 Mossrigg, Morton, Carlisle, Cumbria, CA2 6LH",54.879419895415,-2.96454096100599
"Fox Pet Shop","Ava Williams","46 Beaumont Road, Goffs Oak, Hertfordshire, EN10 7WE",51.7311460562662,-0.0723401523831498
"Robinson Cafe","Ava Phillips","51 Finchale View, Framwellgate Moor, Durham, DH1 5DW",54.8034030200643,-1.58875336773314
"Shaw Wines","Amelia Davies","100 Albany Street, Oban South And The Isles, Oban, PA34 4LQ",56.4110849840781,-5.47563657114295
"Butler Fruit & Veg","Jacob Johnson","17 Beresford Road, Kursaal, Southend-on-sea, SS1 2SR",51.5332636306815,0.728401586508757
"Wood Fruit & Veg","Olivia Ali","39 Fairmile Avenue, St. Leonard's, London, SW16 6AG",51.4249200809708,-0.136563233599811
"Wells Barbers","Jack Wright","A701, Lochar, Locharbriggs, DG1 1TZ",55.0975005637729,-3.58569648290112
"Campbell Wines","Jack Johnson","11 Milton Road, West Chesterton, Cambridge, Cambridgeshire, CB4 1LB",52.2170972216826,0.128109826534914
"Butler Hats","Jack King","55 Alloway Crescent, Rutherglen South, Glasgow, G73 4PG",55.8167208460779,-4.22201168236344
"James Hats","Olivia Smith","60 Village Avenue, Naunton, Gloucestershire, GL54 3AS",51.9092936665403,-1.83426358904939
"Hall Hardware","Jessica LLoyd","86 Fairmeadow Close, Herbrandston, SA73 3TS",51.7288041229375,-5.08734716398188
"Clarke Pharmacy","Isabella Walker","55 Lon Garmon, Llanengan, LL53 7UL",52.8302208050977,-4.51783430056019
"Mason Videos","Amelia Holmes","65 Salisbury Road, St. Ann's, London, N4 1LA",51.5811240681615,-0.0992346558440214
"Wood Cafe","Jacob LLoyd","6 Pardoner Street, Chaucer, London, SE1 4DW",51.4978618231518,-0.0875874629921072
"Jackson Collectables","Jack Wilson","53 Laundry Lane, St. Michaels, Aldershot, Surrey, GU15 3JE",51.3334462258481,-0.768997118515423
"Evans Book Shop","Ava Roberts","66 Glebe Road, Oadby Grange, Leicester, Leicestershire, LE2 2NF",52.6068378437842,-1.09023561791427
"Patel Phones","Oliver Wood","32 Lode Lane, Silhill, Birmingham, B91 2HP",52.4259963943068,-1.77642303901019
"Brown Collectables","Harry Ali","62 Chase Road, Kursaal, Southend-on-sea, SS1 2WU",51.5391886788347,0.728092665415495
"White Opticians","Amelia Phillips","64 Ebenezer Walk, Longthornton, London, SW16 5SZ",51.4111720580475,-0.14517500962541
"Robertson Hardware","Emily Harvey","41 Carteret Street, St. James's, London, SW1H 0BL",51.4999770038019,-0.133474540314257
"Wilson Laundrette","Harry Williams","88 Locksley Drive, Thurcroft, S66 9PF",53.39359790824,-1.26245606117328
"Campbell Book Shop","Amelia Fox","94 Inkerman Road, Hermitage And Knaphill South, Weybridge, Surrey, GU21 2BQ",51.3132163056813,-0.607057189172325
"Walker Laundrette","Isabella Robinson","2 Ralph Crescent, Kingsbury, Warwickshire, B78 2HL",52.5696478077938,-1.68573802054465
"Robinson Computer Repairs","Isabella Smith","17 Warwick Road, Lawrence Hill, Bristol, BS5 0YQ",51.466614619656,-2.56920014842229
"White Hairdressers","Alfie Powell","91 Apperley Avenue, Kenton, Newcastle Upon Tyne, NE3 3YD",55.003064466865,-1.66577354502302
"Green Laundrette","Isla White","63 Crankhall Lane, Friar Park, Birmingham, WS10 0JD",52.5495579990399,-1.99137356059264
"Harvey Book Shop","Harry Robertson","77 Windmill Crescent, Denby Dale, Skelmanthorpe, HD8 9EL",53.5885858385468,-1.64049901694897
"Harvey Laundrette","Ava Mason","53 Wheelwright Avenue, Farnley And Wortley, Leeds, LS12 4NZ",53.7863978149331,-1.60347771782271
"Brown Laundrette","Alfie Jackson","84 Pool Road, Pool, LS21 1EF",53.9031464678059,-1.64202176495285
"Wood Lawyers","Ava Powell","48 Melholme Lane, North Cockerington, Lincolnshire, LN11 7EN",53.3999025470746,0.0700401999516543
"James Hats","Mia Evans","35 Benjamin Road, Hamworthy West, Poole, BH15 4QU",50.7169765853416,-2.01517490444679
"Taylor Collectables","Isabella Wright","54 Blacknest Road, Binsted, Hampshire, GU34 4QE",51.1717782532498,-0.866441365305587
"Wood Book Shop","Jessica Kennedy","32 Wrekin View, Aldridge North And Walsall Wood, Brownhills, WS8 7AB",52.6381808962957,-1.92175627691407
"Smith Nails","Jack Butler","90 Rushey Lane, South Yardley, Birmingham, B27 6QQ",52.454939928982,-1.83387415154408
"Knight Nails","Riley Powell","3 The Street, Snailwell, Cambridgeshire, CB8 7LU",52.2818009998542,0.408071330894063
"Patel Fish and Chips","Oliver Hall","32 St Mildreds Road, Moulsham And Central, Chelmsford, Essex, CM2 9QA",51.7222871923611,0.467993148013698
"Phillips Delicatesan","Ava White","39 Church Way, Sutton, Sutton Cum Lound, Nottinghamshire, DN22 8PW",53.3571792161457,-0.976569498704067
"Walker Chemist","Jack Wright","47 Prospect Road, Langford, SG18 9PD",52.0538230869957,-0.270888414751712
"White Legal Services","Amelia Fox","60 Pentland View, Dalkeith, EH22 2JB",55.8910016982517,-3.05055091959048
"Hall Cafe","Riley Taylor","51 Avenue Lane, Central, Bournemouth, BH2 5RJ",50.7208231314598,-1.88414129996732
"Dixon Grocers","Lily James","2 Sandhurst Road, Sidcup, London, DA15 7EF",51.4294829383019,0.101406620112625
"Thompson Pet Store","Oliver Black","16 Chapmans Court, Dringhouses And Woodthorpe, York, YO24 2QX",53.9332544541437,-1.12128652762046
"Wright Pet Shop","Oliver Wood","57 Valley View, Bredenbury, HR7 4TB",52.2015190540809,-2.57051313211992
"King Nails","Alfie Cole","5 Blake's Road, Peckham, London, SE15 6HY",51.4784792127656,-0.0807657182139966
"Lee News","Jack Wilson","57 Audley Close, Lydiard And Freshbrook, Swindon, SN5 6BT",51.552776873156,-1.84675242788773
"James Films","Harry Harvey","62 Darvel Drive, Newton Mearns South, Glasgow, G77 5SQ",55.7762322636451,-4.30973743374575
"Hall Hardware","Amelia Harvey","20 Roscoe Street, University, Middlesbrough, TS1 3HG",54.5690013989304,-1.22656944105216
"Evans Software","Ava Clarke","33 Hermitage Way, Belmont, London, HA7 2AL",51.6025284194398,-0.321124060589665
"Roberts Models","Jack Williams","55 Farringdon Drive, Tong, Bradford, BD4 9EZ",53.7800107625556,-1.71179898556669
"Powell Software","Mia Johnson","23 Court Leet, Binley Woods, Warwickshire, CV3 2JQ",52.3901970771522,-1.41738692739808
"Clarke Software","Sophie James","69 Malwood Road West, Hythe And Dibden, Hythe, Hampshire, SO45 5FQ",50.8666153339498,-1.40971702997128
"Knight Furnishing","Mia Wells","10 Duncansby Way, Perth North, Perth, PH1 5XF",56.4083034775714,-3.45159002454942
"White Wines","Oliver Thompson","51 Queensway Court, Boston Castle, Sheffield, S60 3AZ",53.4112521636516,-1.33931170155504
"Jones Cafe","Jacob Black","62 Barnes Street, Church, Accrington, Lancashire, BB5 4JF",53.7552968673451,-2.38845048252956
"Powell Fashions","Sophie Patel","A4063, Garw Valley, CF32 8TY",51.5704187642124,-3.60103214056695
"Campbell Barbers","Emily Walker","2 Cedar Drive, Perth South, Perth, PH1 1RJ",56.3903299151086,-3.48072853855802
"Jones Pharmacy","Emily Davies","95 Curlew Street, Riverside, London, SE1 2YL",51.5031842215953,-0.0726818961758665
"Jackson Bakery","Alfie Fox","53 Back Winstanley Road, Church, Liverpool, L22 4QU",53.4788985729797,-3.0207944664488
"Evans Furnishing","Isabella Jackson","85 Bramble Drive, Carlton Hill, Nottingham, Nottinghamshire, NG3 6NP",52.9680054826039,-1.11562392685925
"Walker Films","Sophie King","28 Glen Drive, Shevington, WN6 9LF",53.5834765439,-2.70832210151639
"Wood Cafe","Riley Wright","28 Ty-fry Gardens, Rumney, Cardiff/caerdydd, CF3 3NP",51.5106814591835,-3.12553888079645
"Johnson Book Store","Mia White","93 Hunter Place, Dunfermline North, Dunfermline, KY12 9YF",56.0798536458506,-3.47556009180419
"Smith Pet Store","Jack Johnson","55 Belgrave Crescent, Blyth, NE24 3DU",55.1218512525187,-1.50226074142301
"Evans Fruit & Veg","Lily LLoyd","55 High Street, Aldeburgh, Suffolk, IP15 5AR",52.1520938692254,1.60092595845481
"Robinson Legal Services","Thomas Wright","5 Bughtlin Place, Drumrae/gyle, Edinburgh, EH12 8UY",55.9527226072053,-3.30689529631559
"Mason Fish & Chips","Isla James","4 Nottingham Road, Old Park, Ilkeston, Derbyshire, DE7 5AB",52.9640297467519,-1.30014263589009
"James Phones","Olivia Williams","68 Duke Street, Dalkeith, EH22 1BG",55.8956763589714,-3.06700449092371
"Shaw Music","Lily Robertson","23 Adfrid Place, Peterlee, SR8 5JA",54.7649764995855,-1.33531504643379
"Shaw Bakery","Oliver Ali","66 Prince Philip Close, Benwell And Scotswood, Newcastle Upon Tyne, NE15 6RU",54.9731650592159,-1.66823999665989
"James Computers","Amelia Knight","41 Velfrey Road, Whitland, SA34 0QU",51.8133669004298,-4.61919911884392
"Fox Beauticians","Charlie Kennedy","55 Sand Street, Pwllheli, LL53 5LD",52.8910765807534,-4.4139642928637
"Lee Nails","Jacob Thompson","27 Vine Terrace, Thornton And Allerton, Thornton, BD13 3NL",53.7909559253361,-1.8550770873957
"White Music","Isabella Wright","59 The Willows, Burton On The Wolds, Leicestershire, LE12 5AP",52.7822571852828,-1.12719196312686
"Black Entertainment","Mia Robinson","78 Marcus Grove, Rusholme, Manchester, M14 5HB",53.4516876930784,-2.21992867536718
"Mason Delicatesan","James Taylor","11 Elm Drive, Sunbury East, Weybridge, Surrey, TW16 5JJ",51.4124371350638,-0.403303473837968
"Black Music","Amelia Campbell","46 Bellaport Road, Norton In Hales, TF9 4AZ",52.9598966368443,-2.45922637178639
"Williams Collectables","Thomas Black","A3078, Veryan, TR2 5PG",50.2082433306294,-4.92636033691828
"Jackson Videos","Charlie Wilson","78 Eldon Street, Thornaby, Thornaby-on-tees, TS17 7DJ",54.5549597910677,-1.29820755908418
"Clarke Pet Store","Olivia Phillips","90 Thorpe Close, Farnborough And Crofton, London, BR6 9RG",51.371233809118,0.0859077949726894
"Cole Phones","Charlie Jones","95 Church Lane, Princes Risborough, Buckinghamshire, HP27 9AW",51.7248764062312,-0.834696525910871
"Murphy Collectables","Jacob Hall","1 Leconfield Road, Loughborough Nanpantan, Loughborough, Leicestershire, LE11 3SQ",52.7531892538661,-1.24031855729772
"James Butchers","Charlie Wells","98 Borrins Way, Baildon, Bradford, BD17 6NP",53.8508936069878,-1.76284399608352
"Powell Legal Services","Ava King","77 Sherwood Avenue, Rhyl, Prestatyn, LL18 3YN",53.3295862427795,-3.44786881948779
"Evans News","James Roberts","91 Danesbury Lane, Codicote, Welwyn, Hertfordshire, AL6 9SG",51.8444266737325,-0.207454429029663
"Smith Computer Repairs","Emily Brown","57 Neptune Court, Westby-with-plumptons, Lancashire, FY4 5LZ",53.788101799969,-2.98820052412055
"Wilson Hats","Isabella Black","58 Swineridge Lane, Millington, YO42 1TU",53.9513004415306,-0.750588067608194
"Mason Newsagents","Ava Wood","4 Red Hill, Medstead, Four Marks, Hampshire, GU34 5EE",51.1201552434639,-1.04496446067619
"White Software","Isla Thompson","12 Tempest Way, Elm Park, London, RM13 7PS",51.5417906110849,0.193957518044631
"Green Fruit & Veg","Jessica Jackson","89 Wellington Street, Riverside, Newcastle Upon Tyne, NE29 6PT",55.0086137778436,-1.44746819897743
"Adams Nails","Harry Knight","18 Fore Street, Lanteglos, Polruan, PL23 1PH",50.3274979690324,-4.63306182869832
"Adams Videos","Alfie Walker","52 Gravel Pit Road, Scotter, Lincolnshire, DN21 3SS",53.5009327274768,-0.661919515177446
"Green Software","Alfie Wilson","36 Bryanston Road, St. Alphege, Birmingham, B91 1EN",52.4226130024641,-1.79979167467438
"Thompson Barbers","William Cole","94 Eliot Court, Newquay, TR7 2QG",50.4147160577058,-5.07106857305413
"Wilson Computer Repairs","Jack Wilson","8 Main Street, Mossend And Holytown, Bellshill, ML4 1YF",55.8197936924575,-4.01225386894523
"Roberts Legal Services","Isla Murphy","75 Sutton Place, Sackville, East Sussex, TN40 1PH",50.8416580519785,0.493030378981098
"Jones Bakery","Isla Johnson","66 Perceval Avenue, Hampstead Town, London, NW3 4PY",51.5517464235376,-0.168830297976637
"Butler Fashions","Jessica Phillips","82 Mid Row, Forfar And, Lunanhead, DD8 3NR",56.6591897502815,-2.85693599901738
"Taylor News","Alfie Wood","44 Highmoor Close, Parkstone, Bournemouth, BH14 8TG",50.7213802157533,-1.94511082911215
"Patel Aquatics","William Jones","70 Victor Approach, St. Andrew's, London, RM12 6WZ",51.5618557635131,0.216334601135079
"Evans Barbers","Ava Ali","12 Cambridge Street, St. Neots, St Neots, Cambridgeshire, PE19 1SA",52.2285705847624,-0.257913201515138
"Shaw Fish and Chips","Sophie Jones","97 Ramworth Way, Aylesbury, Buckinghamshire, HP21 7EY",51.8050311631587,-0.79149810592338
"Kennedy Aquatics","James Phillips","29 Angus Avenue, West Heywood, Heywood, OL10 3SW",53.5872006219906,-2.23672049542394
"Wright Barbers","Alfie Smith","94 Evanston Gardens, Chaddesden, Derby, DE21 6RD",52.9265647693,-1.42287391991671
"Wright Fashions","Olivia Fox","24 Manley Road, Lichfield, Staffordshire, WS13 6TG",52.6878933869012,-1.80992912476586
"Dixon Aquatics","Mia Robertson","24 Cannon Hill Road, Colehill, Wimborne Minster, Dorset, BH21 2LR",50.8098708406937,-1.95299826994538
"Taylor Entertainment","Isla Shaw","48 Higher Tame Street, Stalybridge North, Manchester, SK15 3AD",53.4839946536037,-2.05258383562783
"Patel Computer Repairs","William Roberts","78 The Chase, Boreham, Essex, CM3 3EB",51.7561639059815,0.541395621923298
"Wells Fashions","Jacob Cole","51 Childwall Road, Netherpool, Ellesmere Port, CH66 1LN",53.2921798945051,-2.92486631159479
"King Pet Store","Lily Thompson","34 Wakefield Avenue, St.udeaux, Plymouth, PL5 1PX",50.405593866266,-4.18213596327007
"Powell Chemist","Alfie Robinson","59 Manor Park Close, Rawcliffe, York, YO30 5XA",53.9842693613913,-1.11377788216865
"Holmes Butchers","Emily Wood","75 Moss Street, Lostock Hall, Preston, Lancashire, PR5 5AD",53.7269801688473,-2.68754317907038
"Taylor Aquatics","Emily Wilson","40 Spring Lodge Close, St. Anthony's, Eastbourne, East Sussex, BN23 7BP",50.7999989289811,0.318090997869532
"Hall Music","Thomas James","74 Linley Close, Sackville, Hastings, East Sussex, TN40 1SS",50.8429160570834,0.480852251285373
"Wright Fruit & Veg","James Thompson","94 Cornwall Road, Edmonton Green, London, N18 2QN",51.6147308922693,-0.061965746014993
"Shaw Lawyers","James Mason","74 Stannard Way, Great Cornard, Sudbury, Suffolk, CO10 0DB",52.031738948074,0.745927867965526
"Holmes Beauticians","Lily Taylor","1 Marjory Road, Renfrew South & Gallowhill, Glasgow, PA4 8BG",55.8651701798215,-4.40605389518575
"Murphy Lawyers","Mia White","73 Spencer Road, Lichfield, Staffordshire, WS14 9AX",52.6751060450576,-1.82483333590675
"King Wines","Mia Holmes","12 Kiln Gardens, Hartley Wintney, Hampshire, RG27 8RE",51.3045639239236,-0.908749334593915
"Knight Hairdressers","Jack Murphy","65 Bere Lane, Wickham, Knowle, Hampshire, PO17 5GL",50.8789041285582,-1.2044536122534
"Wilson Computers","Riley Brown","82 Whitewater Close, Ollerton Andoughton, Boughton, Nottinghamshire, NG22 9RX",53.208377894256,-1.01340332978119
"White Legal Services","Thomas Ali","56 Marley Road, Rye, East Sussex, TN31 7BD",50.9527536387011,0.724438255001456
"White Newsagents","Jack Fox","45 High Street, Watlington, Oxfordshire, OX49 5UT",51.645263244088,-1.0046358193383
"Green News","Mia Ali","89 Marsh Road, Leonard Stanley, King's Stanley, Gloucestershire, GL10 3LT",51.731971132908,-2.2839737292045
"James Hairdressers","Thomas Jones","13 Outram Road, Felpham, Bognor Regis, West Sussex, PO22 7AL",50.7853414955321,-0.655912019665723
"Wilson Hardware","Oliver Wilson","89 Moorfield Road, Rothwell, Northamptonshire, NN14 6AX",52.4196141572628,-0.812146913644029
"Davies Collectables","Amelia Wells","6 Daventree Road, Liscard, Wallasey, CH45 4LB",53.4224256693859,-3.04625704703159
"Robinson Wines","Ava Walker","30 Quarryside, Louth, Lincolnshire, LN11 9HG",53.3632375979744,-0.00529224094544344
"Harvey Butchers","Olivia Dixon","8 Alured Garth, Hedon, HU12 8LZ",53.739920538148,-0.18962234008676
"Hall Butchers","Isabella Evans","88 Wakefield Road, City And Hunslet, Leeds, LS10 1DU",53.7737244156036,-1.51753495190827
"Hall News","Jacob Butler","68 Buccleuch Place, Hawick And Hermitage, Hawick, TD9 0HR",55.4208849039099,-2.79321562426427
"Fox Aquatics","William Powell","24 Out Lane, Denby Dale, Emley, HD8 9SP",53.6136863339552,-1.63625010217804
"Hall Collectables","Riley Butler","68 Stour Close, Ramsey And Parkeston, Harwich, Essex, CO12 4TJ",51.9302408908392,1.23487431697989
"Jackson Dry Cleaners","Olivia Thompson","11 Church Road, Easton, Bristol, BS5 9JR",51.458534691868,-2.55912506868867
"Robertson Legal Services","Oliver Wright","78 The Furlongs, Sherborne, Dorset, DT9 4HS",50.9544137717269,-2.51862629715989
"Robinson Furnishing","Mia Harvey","46 Waterloo Street, High Street, Maidstone, Kent, ME15 6HJ",51.2668878835728,0.527147577712261
"Fox Computer Repairs","William White","10 Popplewell Terrace, Epworth, DN9 1BX",53.5234289870887,-0.824062955215549
"Lee Phones","Mia Murphy","39 Old London Road, Bagillt, Holywell/treffynnon, CH6 6BP",53.2658940062831,-3.17236417333668
"Dixon Cafe","James Johnson","21 Brecklands, Sitwell, Sheffield, S60 4JL",53.4197220126875,-1.32052217655361
"Williams Book Shop","Jacob Knight","94 Seafield Court, Ardrossan And Arran, Saltcoats, KA22 8NS",55.6517204965237,-4.8146024709822
"Taylor Barbers","Amelia White","91 Harvest Drive, Almond, Newbridge, EH28 8QJ",55.9358000343639,-3.39638955479777
"Black Hats","Alfie Clarke","30 Dunbar Close, Coxford, Southampton, SO16 8FY",50.9443349883524,-1.44786277659262
"Johnson Newsagents","Jessica Smith","76 Wordsworth Vale, Kader, Middlesbrough, TS5 8PL",54.5445701415632,-1.26037451319828
"Hall Printers","Jessica Robinson","12 Dargavel Gardens, North East, Dundee, DD4 0UQ",56.4911967678651,-2.92775396112928
"Smith Fish & Chips","Lily LLoyd","30 Glebe Gardens, Wisbech St. Mary, Guyhirn, Cambridgeshire, PE13 4EW",52.613758332822,0.067485727022542
"Ali Newsagents","Amelia Knight","77 Lanville Road, Cressington, Liverpool, L18 4RB",53.3684712365591,-2.91061753081662
"Johnson Hairdressers","Lily Butler","49 Elba Close, Churston-with-galmpton, Torquay, TQ4 7LW",50.414599621094,-3.56379043815409
"Patel Barbers","Jessica Butler","39 Back Queen Street, Leigh East, Leigh, WN7 4NQ",53.4958948415747,-2.5124980783622
"Jackson Fruit & Veg","Harry Murphy","94 Hollands Drive, Burton Latimer, Northamptonshire, NN15 5YJ",52.3619509707319,-0.676147258564513
"Evans Computer Repairs","Olivia Roberts","56 Quarryknowe, Rutherglen Central And North, Glasgow, G73 2BQ",55.8236305021594,-4.225582809736
"Robinson Barbers","Isabella Jones","84 Howard's Lane, Wareham Town, Wareham, Dorset, BH20 4NN",50.6863245039817,-2.1087188167666
"Fox Butchers","Thomas Clarke","56 Juniper Close, Court, London, Surrey, KT19 8FF",51.349127371344,-0.270692131376817
"Kennedy Nails","Alfie Davies","20 St Johns Walk, Glastonbury, Somerset, BA6 9JH",51.1484324030808,-2.71873553091778
"Ali Dry Cleaners","Isabella Robertson","70 Lammas Road, Park, Peterborough, PE1 3PJ",52.5940759403551,-0.241368764249736
"Murphy Videos","Lily Kennedy","92 Calder Close, Cheylesmore, Coventry, CV3 5PN",52.3938950176954,-1.49634177966851
"Evans Barbers","Charlie Mason","4 Iona Walk, Coatbridge West, Glasgow, ML5 5FJ",55.8498600021028,-4.04411291018007
"Campbell Book Shop","Ava Lee","10 Kendal Drive, Rainhill, Liverpool, L35 9JD",53.4182271635549,-2.77671202573072
"Powell Fish & Chips","Thomas Powell","63 Burnley Road, Whitewell, Lancashire, BB4 9NH",53.738567438327,-2.23831401237728
"Shaw Butchers","Ava Ali","60 Lawrence Close, Eccleston, Lancashire, PR7 5BF",53.6485683442438,-2.72671982163745
"Phillips Films","Amelia Dixon","60 Impney Close, Church Hill, Redditch, Worcestershire, B98 9LW",52.3189037350742,-1.89969665504759
"Walker Wines","Isabella Fox","80 Marsh Street, Wombwell, Swinton, S73 0WW",53.5228712363467,-1.39861980491656
"Black Fashions","Sophie White","92 Church Hill, East Donyland, Rowhedge, Essex, CO5 7EB",51.8554075878528,0.945476439380141
"Adams Collectables","Olivia Wilson","57 Pool's Lane, Highwood, Essex, CM1 3RG",51.7100215331008,0.371929980670929
"Brown Laundrette","Thomas Cole","B4312, Llangain, SA33 5AH",51.8085504286472,-4.35604341120547
"Evans Models","Sophie Smith","34 Boleyn Drive, Cavendish, London, HA4 9QN",51.5706850557417,-0.389641439778435
"Thompson Lawyers","Emily Phillips","17 Harlestone Road, Duston, Northampton, Northamptonshire, NN5 6PB",52.2559886176296,-0.943161511422671
"Brown Beauticians","Riley Wood","52 Woodside, North Walsham, Norfolk, NR28 9XA",52.8153540498695,1.40008534267554
"Hall Newsagents","Thomas Jackson","29 Rowantree Crescent, East End, Dundee, DD4 8EX",56.4838870742185,-2.93803263774794
"Evans Butchers","Lily Ali","7 Southview Gardens, Tetford, Lincolnshire, LN9 6QD",53.2498663896258,-0.00665813607289657
"Murphy Hardware","Thomas James","32 South Erskine Park, Bearsden North, Glasgow, G61 4NA",55.9221743221025,-4.33917408632673
"White Phones","Thomas Campbell","31 Outgate Road, Harlesden, London, NW10 9UG",51.5450730893873,-0.24766914555984
"Ali Pharmacy","Isabella Thompson","63 Pembroke Road, Pemberton, Wigan, WN5 0QX",53.5493960987698,-2.67181627491344
"James Aquatics","Amelia Powell","40 Gibson Street, Chalkwell, Sittingbourne, Kent, ME10 1AY",51.3423784955158,0.72917993137152
"Jones Butchers","Jack Wilson","72 Lime Tree Close, Charvil, RG10 9FH",51.4739375939265,-0.88963827207388
"Mason Fashions","Charlie Williams","55 Bell Street, Hebburn North, Gateshead, NE31 1BD",54.9766281631042,-1.5208839600984
"Johnson Aquatics","Amelia Robinson","94 Gretton Avenue, Ladgate, Easterside, TS4 3QU",54.542060195611,-1.21710901720782
"Davies Models","Charlie Mason","66 Carew Road, Tottenham Hale, London, N17 9DH",51.5945517922054,-0.0630558528854887
